,date,cpi,bonds_10y_rate_percent,sp500_index,sp500_dividend,vbmfx_price,vbmfx_dividend
0,1871-01-01,12.46,5.32,4.44,0.26,,
1,1871-02-01,12.84,5.32,4.5,0.26,,
2,1871-03-01,13.03,5.33,4.61,0.26,,
3,1871-04-01,12.56,5.33,4.74,0.26,,
4,1871-05-01,12.27,5.33,4.86,0.26,,
5,1871-06-01,12.08,5.34,4.82,0.26,,
6,1871-07-01,12.08,5.34,4.73,0.26,,
7,1871-08-01,11.89,5.34,4.79,0.26,,
8,1871-09-01,12.18,5.35,4.84,0.26,,
9,1871-10-01,12.37,5.35,4.59,0.26,,
10,1871-11-01,12.37,5.35,4.64,0.26,,
11,1871-12-01,12.65,5.36,4.74,0.26,,
12,1872-01-01,12.65,5.36,4.86,0.26,,
13,1872-02-01,12.65,5.38,4.88,0.27,,
14,1872-03-01,12.84,5.4,5.04,0.27,,
15,1872-04-01,13.13,5.42,5.18,0.27,,
16,1872-05-01,13.13,5.43,5.18,0.28,,
17,1872-06-01,13.03,5.45,5.13,0.28,,
18,1872-07-01,12.84,5.47,5.1,0.28,,
19,1872-08-01,12.94,5.49,5.04,0.29,,
20,1872-09-01,13.03,5.51,4.95,0.29,,
21,1872-10-01,12.75,5.52,4.97,0.29,,
22,1872-11-01,13.13,5.54,4.95,0.3,,
23,1872-12-01,12.94,5.56,5.07,0.3,,
24,1873-01-01,12.94,5.58,5.11,0.3,,
25,1873-02-01,13.23,5.57,5.15,0.3,,
26,1873-03-01,13.23,5.56,5.11,0.31,,
27,1873-04-01,13.23,5.55,5.04,0.31,,
28,1873-05-01,12.94,5.54,5.05,0.31,,
29,1873-06-01,12.56,5.53,4.98,0.32,,
30,1873-07-01,12.56,5.53,4.97,0.32,,
31,1873-08-01,12.56,5.52,4.97,0.32,,
32,1873-09-01,12.56,5.51,4.59,0.32,,
33,1873-10-01,12.27,5.5,4.19,0.33,,
34,1873-11-01,11.89,5.49,4.04,0.33,,
35,1873-12-01,12.18,5.48,4.42,0.33,,
36,1874-01-01,12.37,5.47,4.66,0.33,,
37,1874-02-01,12.37,5.44,4.8,0.33,,
38,1874-03-01,12.37,5.4,4.73,0.33,,
39,1874-04-01,12.18,5.37,4.6,0.33,,
40,1874-05-01,12.08,5.34,4.48,0.33,,
41,1874-06-01,11.8,5.3,4.46,0.33,,
42,1874-07-01,11.89,5.27,4.46,0.33,,
43,1874-08-01,11.8,5.24,4.47,0.33,,
44,1874-09-01,11.8,5.2,4.54,0.33,,
45,1874-10-01,11.61,5.17,4.53,0.33,,
46,1874-11-01,11.51,5.14,4.57,0.33,,
47,1874-12-01,11.51,5.1,4.54,0.33,,
48,1875-01-01,11.51,5.07,4.54,0.33,,
49,1875-02-01,11.51,5.03,4.53,0.33,,
50,1875-03-01,11.51,4.99,4.59,0.32,,
51,1875-04-01,11.61,4.95,4.65,0.32,,
52,1875-05-01,11.32,4.91,4.47,0.32,,
53,1875-06-01,11.13,4.87,4.38,0.32,,
54,1875-07-01,11.13,4.83,4.39,0.31,,
55,1875-08-01,11.23,4.79,4.41,0.31,,
56,1875-09-01,11.13,4.75,4.37,0.31,,
57,1875-10-01,11.13,4.71,4.3,0.3,,
58,1875-11-01,11.04,4.67,4.37,0.3,,
59,1875-12-01,10.94,4.63,4.37,0.3,,
60,1876-01-01,10.85,4.59,4.46,0.3,,
61,1876-02-01,10.85,4.58,4.52,0.3,,
62,1876-03-01,10.85,4.57,4.51,0.3,,
63,1876-04-01,10.75,4.56,4.34,0.3,,
64,1876-05-01,10.37,4.54,4.18,0.3,,
65,1876-06-01,10.09,4.53,4.15,0.3,,
66,1876-07-01,10.09,4.52,4.1,0.3,,
67,1876-08-01,10.18,4.51,3.93,0.3,,
68,1876-09-01,10.28,4.5,3.69,0.3,,
69,1876-10-01,10.47,4.49,3.67,0.3,,
70,1876-11-01,10.56,4.47,3.6,0.3,,
71,1876-12-01,10.75,4.46,3.58,0.3,,
72,1877-01-01,10.94,4.45,3.55,0.29,,
73,1877-02-01,10.66,4.44,3.34,0.28,,
74,1877-03-01,10.18,4.43,3.17,0.27,,
75,1877-04-01,10.47,4.42,2.94,0.26,,
76,1877-05-01,10.66,4.41,2.94,0.25,,
77,1877-06-01,10.09,4.4,2.73,0.24,,
78,1877-07-01,10.18,4.39,2.85,0.24,,
79,1877-08-01,9.8,4.39,3.05,0.23,,
80,1877-09-01,9.7,4.38,3.24,0.22,,
81,1877-10-01,9.7,4.37,3.31,0.21,,
82,1877-11-01,9.51,4.36,3.26,0.2,,
83,1877-12-01,9.51,4.35,3.25,0.19,,
84,1878-01-01,9.23,4.34,3.25,0.19,,
85,1878-02-01,9.13,4.33,3.18,0.19,,
86,1878-03-01,8.94,4.32,3.24,0.19,,
87,1878-04-01,8.85,4.31,3.33,0.19,,
88,1878-05-01,8.56,4.3,3.34,0.19,,
89,1878-06-01,8.37,4.29,3.41,0.18,,
90,1878-07-01,8.47,4.28,3.48,0.18,,
91,1878-08-01,8.56,4.27,3.45,0.18,,
92,1878-09-01,8.56,4.26,3.52,0.18,,
93,1878-10-01,8.47,4.25,3.48,0.18,,
94,1878-11-01,8.37,4.24,3.47,0.18,,
95,1878-12-01,8.18,4.23,3.45,0.18,,
96,1879-01-01,8.28,4.22,3.58,0.18,,
97,1879-02-01,8.37,4.2,3.71,0.18,,
98,1879-03-01,8.28,4.19,3.65,0.18,,
99,1879-04-01,8.18,4.17,3.77,0.19,,
100,1879-05-01,8.18,4.15,3.94,0.19,,
101,1879-06-01,8.09,4.14,3.96,0.19,,
102,1879-07-01,8.18,4.12,4.04,0.19,,
103,1879-08-01,8.18,4.1,4.07,0.19,,
104,1879-09-01,8.47,4.09,4.22,0.2,,
105,1879-10-01,8.94,4.07,4.68,0.2,,
106,1879-11-01,9.42,4.05,4.93,0.2,,
107,1879-12-01,9.7,4.04,4.92,0.2,,
108,1880-01-01,9.99,4.02,5.11,0.2,,
109,1880-02-01,9.99,3.99,5.2,0.21,,
110,1880-03-01,10.09,3.97,5.3,0.21,,
111,1880-04-01,9.7,3.94,5.18,0.22,,
112,1880-05-01,9.42,3.91,4.77,0.23,,
113,1880-06-01,9.23,3.89,4.79,0.23,,
114,1880-07-01,9.23,3.86,5.01,0.23,,
115,1880-08-01,9.23,3.83,5.19,0.24,,
116,1880-09-01,9.32,3.81,5.18,0.24,,
117,1880-10-01,9.32,3.78,5.33,0.25,,
118,1880-11-01,9.42,3.75,5.61,0.26,,
119,1880-12-01,9.51,3.73,5.84,0.26,,
120,1881-01-01,9.42,3.7,6.19,0.27,,
121,1881-02-01,9.51,3.69,6.17,0.27,,
122,1881-03-01,9.51,3.69,6.24,0.28,,
123,1881-04-01,9.61,3.68,6.22,0.28,,
124,1881-05-01,9.51,3.67,6.5,0.28,,
125,1881-06-01,9.51,3.67,6.58,0.29,,
126,1881-07-01,9.61,3.66,6.35,0.29,,
127,1881-08-01,9.8,3.65,6.2,0.3,,
128,1881-09-01,10.18,3.65,6.25,0.3,,
129,1881-10-01,10.28,3.64,6.15,0.31,,
130,1881-11-01,10.18,3.63,6.19,0.32,,
131,1881-12-01,10.18,3.63,6.01,0.32,,
132,1882-01-01,10.18,3.62,5.92,0.32,,
133,1882-02-01,10.28,3.62,5.79,0.32,,
134,1882-03-01,10.28,3.62,5.78,0.32,,
135,1882-04-01,10.37,3.62,5.78,0.32,,
136,1882-05-01,10.47,3.62,5.71,0.32,,
137,1882-06-01,10.56,3.62,5.68,0.32,,
138,1882-07-01,10.47,3.63,6.0,0.32,,
139,1882-08-01,10.56,3.63,6.18,0.32,,
140,1882-09-01,10.28,3.63,6.24,0.32,,
141,1882-10-01,10.18,3.63,6.07,0.32,,
142,1882-11-01,10.09,3.63,5.81,0.32,,
143,1882-12-01,9.99,3.63,5.84,0.32,,
144,1883-01-01,9.99,3.63,5.81,0.32,,
145,1883-02-01,10.09,3.63,5.68,0.32,,
146,1883-03-01,9.99,3.63,5.75,0.32,,
147,1883-04-01,9.9,3.63,5.87,0.32,,
148,1883-05-01,9.8,3.63,5.77,0.32,,
149,1883-06-01,9.51,3.63,5.82,0.33,,
150,1883-07-01,9.32,3.63,5.73,0.33,,
151,1883-08-01,9.32,3.62,5.47,0.33,,
152,1883-09-01,9.23,3.62,5.53,0.33,,
153,1883-10-01,9.23,3.62,5.38,0.33,,
154,1883-11-01,9.13,3.62,5.46,0.33,,
155,1883-12-01,9.23,3.62,5.34,0.33,,
156,1884-01-01,9.23,3.62,5.18,0.33,,
157,1884-02-01,9.23,3.61,5.32,0.33,,
158,1884-03-01,9.23,3.6,5.3,0.33,,
159,1884-04-01,9.04,3.59,5.06,0.32,,
160,1884-05-01,8.85,3.59,4.65,0.32,,
161,1884-06-01,8.85,3.58,4.46,0.32,,
162,1884-07-01,8.75,3.57,4.46,0.32,,
163,1884-08-01,8.75,3.56,4.74,0.32,,
164,1884-09-01,8.66,3.55,4.59,0.32,,
165,1884-10-01,8.56,3.54,4.44,0.31,,
166,1884-11-01,8.37,3.54,4.35,0.31,,
167,1884-12-01,8.28,3.53,4.34,0.31,,
168,1885-01-01,8.28,3.52,4.24,0.3,,
169,1885-02-01,8.37,3.51,4.37,0.3,,
170,1885-03-01,8.18,3.5,4.38,0.29,,
171,1885-04-01,8.28,3.48,4.37,0.29,,
172,1885-05-01,8.09,3.47,4.32,0.28,,
173,1885-06-01,7.9,3.46,4.3,0.28,,
174,1885-07-01,7.99,3.44,4.46,0.27,,
175,1885-08-01,7.99,3.43,4.71,0.26,,
176,1885-09-01,7.9,3.42,4.65,0.26,,
177,1885-10-01,7.9,3.41,4.92,0.25,,
178,1885-11-01,7.99,3.4,5.24,0.25,,
179,1885-12-01,8.18,3.38,5.2,0.24,,
180,1886-01-01,7.99,3.37,5.2,0.24,,
181,1886-02-01,7.99,3.38,5.3,0.24,,
182,1886-03-01,7.9,3.4,5.19,0.23,,
183,1886-04-01,7.8,3.41,5.12,0.23,,
184,1886-05-01,7.61,3.42,5.02,0.23,,
185,1886-06-01,7.52,3.43,5.25,0.23,,
186,1886-07-01,7.61,3.44,5.33,0.23,,
187,1886-08-01,7.71,3.46,5.37,0.23,,
188,1886-09-01,7.71,3.47,5.51,0.23,,
189,1886-10-01,7.71,3.48,5.65,0.22,,
190,1886-11-01,7.71,3.5,5.79,0.22,,
191,1886-12-01,7.8,3.51,5.64,0.22,,
192,1887-01-01,7.99,3.52,5.58,0.22,,
193,1887-02-01,8.09,3.53,5.54,0.23,,
194,1887-03-01,8.09,3.55,5.67,0.23,,
195,1887-04-01,8.09,3.56,5.8,0.23,,
196,1887-05-01,8.09,3.57,5.9,0.23,,
197,1887-06-01,7.99,3.58,5.73,0.23,,
198,1887-07-01,7.9,3.59,5.59,0.24,,
199,1887-08-01,7.99,3.61,5.45,0.24,,
200,1887-09-01,7.9,3.62,5.38,0.24,,
201,1887-10-01,7.99,3.63,5.2,0.24,,
202,1887-11-01,8.09,3.65,5.3,0.25,,
203,1887-12-01,8.28,3.66,5.27,0.25,,
204,1888-01-01,8.37,3.67,5.31,0.25,,
205,1888-02-01,8.28,3.65,5.28,0.25,,
206,1888-03-01,8.28,3.63,5.08,0.24,,
207,1888-04-01,8.18,3.62,5.1,0.24,,
208,1888-05-01,8.09,3.6,5.17,0.24,,
209,1888-06-01,7.99,3.58,5.01,0.24,,
210,1888-07-01,8.09,3.56,5.14,0.24,,
211,1888-08-01,8.09,3.54,5.25,0.24,,
212,1888-09-01,8.09,3.52,5.38,0.23,,
213,1888-10-01,8.18,3.5,5.35,0.23,,
214,1888-11-01,8.28,3.49,5.24,0.23,,
215,1888-12-01,8.28,3.47,5.14,0.23,,
216,1889-01-01,7.99,3.45,5.24,0.23,,
217,1889-02-01,7.9,3.45,5.3,0.23,,
218,1889-03-01,7.8,3.44,5.19,0.23,,
219,1889-04-01,7.8,3.44,5.18,0.23,,
220,1889-05-01,7.61,3.44,5.32,0.23,,
221,1889-06-01,7.61,3.44,5.41,0.23,,
222,1889-07-01,7.61,3.44,5.3,0.22,,
223,1889-08-01,7.61,3.43,5.37,0.22,,
224,1889-09-01,7.71,3.43,5.5,0.22,,
225,1889-10-01,7.71,3.43,5.4,0.22,,
226,1889-11-01,7.71,3.43,5.35,0.22,,
227,1889-12-01,7.8,3.42,5.32,0.22,,
228,1890-01-01,7.61,3.42,5.38,0.22,,
229,1890-02-01,7.61,3.44,5.32,0.22,,
230,1890-03-01,7.61,3.45,5.28,0.22,,
231,1890-04-01,7.61,3.47,5.39,0.22,,
232,1890-05-01,7.71,3.49,5.62,0.22,,
233,1890-06-01,7.71,3.5,5.58,0.22,,
234,1890-07-01,7.71,3.52,5.54,0.22,,
235,1890-08-01,7.99,3.54,5.41,0.22,,
236,1890-09-01,8.09,3.55,5.32,0.22,,
237,1890-10-01,8.09,3.57,5.08,0.22,,
238,1890-11-01,7.9,3.59,4.71,0.22,,
239,1890-12-01,7.9,3.6,4.6,0.22,,
240,1891-01-01,7.8,3.62,4.84,0.22,,
241,1891-02-01,7.9,3.62,4.9,0.22,,
242,1891-03-01,7.99,3.62,4.81,0.22,,
243,1891-04-01,8.09,3.61,4.97,0.22,,
244,1891-05-01,7.99,3.61,4.95,0.22,,
245,1891-06-01,7.8,3.61,4.85,0.22,,
246,1891-07-01,7.71,3.61,4.77,0.22,,
247,1891-08-01,7.71,3.61,4.93,0.22,,
248,1891-09-01,7.61,3.61,5.33,0.22,,
249,1891-10-01,7.61,3.6,5.33,0.22,,
250,1891-11-01,7.52,3.6,5.25,0.22,,
251,1891-12-01,7.52,3.6,5.41,0.22,,
252,1892-01-01,7.33,3.6,5.51,0.22,,
253,1892-02-01,7.33,3.61,5.52,0.22,,
254,1892-03-01,7.14,3.63,5.58,0.23,,
255,1892-04-01,7.04,3.64,5.57,0.23,,
256,1892-05-01,7.04,3.65,5.57,0.23,,
257,1892-06-01,7.04,3.66,5.54,0.23,,
258,1892-07-01,7.23,3.67,5.54,0.23,,
259,1892-08-01,7.33,3.69,5.62,0.23,,
260,1892-09-01,7.33,3.7,5.48,0.23,,
261,1892-10-01,7.33,3.71,5.59,0.24,,
262,1892-11-01,7.52,3.73,5.57,0.24,,
263,1892-12-01,7.61,3.74,5.51,0.24,,
264,1893-01-01,7.9,3.75,5.61,0.24,,
265,1893-02-01,7.99,3.75,5.51,0.24,,
266,1893-03-01,7.8,3.74,5.31,0.24,,
267,1893-04-01,7.71,3.74,5.31,0.24,,
268,1893-05-01,7.61,3.73,4.84,0.24,,
269,1893-06-01,7.42,3.73,4.61,0.24,,
270,1893-07-01,7.23,3.73,4.18,0.25,,
271,1893-08-01,6.95,3.72,4.08,0.25,,
272,1893-09-01,7.23,3.72,4.37,0.25,,
273,1893-10-01,7.33,3.71,4.5,0.25,,
274,1893-11-01,7.14,3.71,4.57,0.25,,
275,1893-12-01,7.04,3.7,4.41,0.25,,
276,1894-01-01,6.85,3.7,4.32,0.25,,
277,1894-02-01,6.76,3.68,4.38,0.24,,
278,1894-03-01,6.57,3.66,4.51,0.24,,
279,1894-04-01,6.57,3.64,4.57,0.24,,
280,1894-05-01,6.57,3.62,4.4,0.23,,
281,1894-06-01,6.57,3.6,4.34,0.23,,
282,1894-07-01,6.57,3.58,4.25,0.23,,
283,1894-08-01,6.76,3.56,4.41,0.22,,
284,1894-09-01,6.85,3.54,4.48,0.22,,
285,1894-10-01,6.66,3.52,4.34,0.22,,
286,1894-11-01,6.66,3.5,4.34,0.21,,
287,1894-12-01,6.57,3.48,4.3,0.21,,
288,1895-01-01,6.57,3.46,4.25,0.21,,
289,1895-02-01,6.57,3.47,4.19,0.21,,
290,1895-03-01,6.57,3.48,4.19,0.2,,
291,1895-04-01,6.85,3.5,4.37,0.2,,
292,1895-05-01,6.95,3.51,4.61,0.2,,
293,1895-06-01,7.04,3.52,4.7,0.2,,
294,1895-07-01,6.95,3.53,4.72,0.2,,
295,1895-08-01,6.85,3.54,4.79,0.2,,
296,1895-09-01,6.85,3.55,4.82,0.2,,
297,1895-10-01,6.85,3.56,4.75,0.19,,
298,1895-11-01,6.85,3.58,4.59,0.19,,
299,1895-12-01,6.76,3.59,4.32,0.19,,
300,1896-01-01,6.66,3.6,4.27,0.19,,
301,1896-02-01,6.57,3.58,4.45,0.19,,
302,1896-03-01,6.57,3.57,4.38,0.19,,
303,1896-04-01,6.47,3.55,4.42,0.19,,
304,1896-05-01,6.37,3.53,4.4,0.19,,
305,1896-06-01,6.28,3.52,4.32,0.18,,
306,1896-07-01,6.28,3.5,4.04,0.18,,
307,1896-08-01,6.28,3.48,3.81,0.18,,
308,1896-09-01,6.28,3.47,4.01,0.18,,
309,1896-10-01,6.47,3.45,4.1,0.18,,
310,1896-11-01,6.66,3.43,4.38,0.18,,
311,1896-12-01,6.66,3.42,4.22,0.18,,
312,1897-01-01,6.47,3.4,4.22,0.18,,
313,1897-02-01,6.47,3.4,4.18,0.18,,
314,1897-03-01,6.47,3.39,4.19,0.18,,
315,1897-04-01,6.37,3.39,4.06,0.18,,
316,1897-05-01,6.28,3.38,4.08,0.18,,
317,1897-06-01,6.28,3.38,4.27,0.18,,
318,1897-07-01,6.28,3.38,4.46,0.18,,
319,1897-08-01,6.57,3.37,4.75,0.18,,
320,1897-09-01,6.76,3.37,4.98,0.18,,
321,1897-10-01,6.66,3.36,4.82,0.18,,
322,1897-11-01,6.66,3.36,4.65,0.18,,
323,1897-12-01,6.66,3.35,4.75,0.18,,
324,1898-01-01,6.66,3.35,4.88,0.18,,
325,1898-02-01,6.76,3.33,4.87,0.18,,
326,1898-03-01,6.76,3.31,4.65,0.18,,
327,1898-04-01,6.76,3.29,4.57,0.19,,
328,1898-05-01,7.23,3.27,4.87,0.19,,
329,1898-06-01,6.76,3.25,5.06,0.19,,
330,1898-07-01,6.66,3.23,5.08,0.19,,
331,1898-08-01,6.66,3.2,5.27,0.19,,
332,1898-09-01,6.66,3.18,5.26,0.2,,
333,1898-10-01,6.66,3.16,5.15,0.2,,
334,1898-11-01,6.66,3.14,5.32,0.2,,
335,1898-12-01,6.76,3.12,5.65,0.2,,
336,1899-01-01,6.76,3.1,6.08,0.2,,
337,1899-02-01,6.95,3.1,6.31,0.2,,
338,1899-03-01,6.95,3.11,6.4,0.2,,
339,1899-04-01,7.04,3.11,6.48,0.2,,
340,1899-05-01,7.04,3.12,6.21,0.2,,
341,1899-06-01,7.14,3.12,6.07,0.2,,
342,1899-07-01,7.23,3.13,6.28,0.21,,
343,1899-08-01,7.33,3.13,6.44,0.21,,
344,1899-09-01,7.61,3.13,6.37,0.21,,
345,1899-10-01,7.71,3.14,6.34,0.21,,
346,1899-11-01,7.8,3.14,6.46,0.21,,
347,1899-12-01,7.9,3.15,6.02,0.21,,
348,1900-01-01,7.9,3.15,6.1,0.22,,
349,1900-02-01,7.99,3.15,6.21,0.23,,
350,1900-03-01,7.99,3.14,6.26,0.23,,
351,1900-04-01,7.99,3.14,6.34,0.24,,
352,1900-05-01,7.8,3.13,6.04,0.25,,
353,1900-06-01,7.71,3.13,5.86,0.26,,
354,1900-07-01,7.8,3.13,5.86,0.26,,
355,1900-08-01,7.71,3.12,5.94,0.27,,
356,1900-09-01,7.8,3.12,5.8,0.28,,
357,1900-10-01,7.71,3.11,6.01,0.28,,
358,1900-11-01,7.71,3.11,6.48,0.29,,
359,1900-12-01,7.61,3.1,6.87,0.3,,
360,1901-01-01,7.71,3.1,7.07,0.3,,
361,1901-02-01,7.61,3.11,7.25,0.3,,
362,1901-03-01,7.61,3.11,7.51,0.3,,
363,1901-04-01,7.52,3.12,8.14,0.31,,
364,1901-05-01,7.52,3.13,7.73,0.31,,
365,1901-06-01,7.52,3.13,8.5,0.31,,
366,1901-07-01,7.61,3.14,7.93,0.31,,
367,1901-08-01,7.71,3.15,8.04,0.31,,
368,1901-09-01,7.8,3.15,8.0,0.32,,
369,1901-10-01,7.8,3.16,7.91,0.32,,
370,1901-11-01,7.9,3.17,8.08,0.32,,
371,1901-12-01,7.99,3.17,7.95,0.32,,
372,1902-01-01,7.9,3.18,8.12,0.32,,
373,1902-02-01,7.9,3.19,8.19,0.32,,
374,1902-03-01,7.9,3.2,8.2,0.32,,
375,1902-04-01,7.99,3.21,8.48,0.32,,
376,1902-05-01,8.09,3.22,8.46,0.32,,
377,1902-06-01,8.18,3.23,8.41,0.33,,
378,1902-07-01,8.18,3.24,8.6,0.33,,
379,1902-08-01,8.09,3.25,8.83,0.33,,
380,1902-09-01,8.18,3.26,8.85,0.33,,
381,1902-10-01,8.75,3.27,8.57,0.33,,
382,1902-11-01,8.47,3.28,8.24,0.33,,
383,1902-12-01,8.56,3.29,8.05,0.33,,
384,1903-01-01,8.66,3.3,8.46,0.33,,
385,1903-02-01,8.66,3.31,8.41,0.33,,
386,1903-03-01,8.37,3.32,8.08,0.34,,
387,1903-04-01,8.37,3.33,7.75,0.34,,
388,1903-05-01,8.18,3.33,7.6,0.34,,
389,1903-06-01,8.18,3.34,7.18,0.34,,
390,1903-07-01,8.18,3.35,6.85,0.34,,
391,1903-08-01,8.18,3.36,6.63,0.34,,
392,1903-09-01,8.28,3.37,6.47,0.34,,
393,1903-10-01,8.18,3.37,6.26,0.35,,
394,1903-11-01,8.09,3.38,6.28,0.35,,
395,1903-12-01,8.09,3.39,6.57,0.35,,
396,1904-01-01,8.28,3.4,6.68,0.35,,
397,1904-02-01,8.47,3.41,6.5,0.34,,
398,1904-03-01,8.37,3.41,6.48,0.34,,
399,1904-04-01,8.28,3.42,6.64,0.34,,
400,1904-05-01,8.09,3.43,6.5,0.33,,
401,1904-06-01,8.09,3.43,6.51,0.33,,
402,1904-07-01,8.09,3.44,6.78,0.33,,
403,1904-08-01,8.18,3.45,7.01,0.32,,
404,1904-09-01,8.28,3.45,7.32,0.32,,
405,1904-10-01,8.28,3.46,7.75,0.32,,
406,1904-11-01,8.47,3.47,8.17,0.31,,
407,1904-12-01,8.47,3.47,8.25,0.31,,
408,1905-01-01,8.47,3.48,8.43,0.31,,
409,1905-02-01,8.47,3.48,8.8,0.31,,
410,1905-03-01,8.37,3.47,9.05,0.32,,
411,1905-04-01,8.37,3.47,8.94,0.32,,
412,1905-05-01,8.28,3.46,8.5,0.32,,
413,1905-06-01,8.28,3.46,8.6,0.32,,
414,1905-07-01,8.28,3.46,8.87,0.32,,
415,1905-08-01,8.37,3.45,9.2,0.32,,
416,1905-09-01,8.28,3.45,9.23,0.33,,
417,1905-10-01,8.28,3.44,9.36,0.33,,
418,1905-11-01,8.37,3.44,9.31,0.33,,
419,1905-12-01,8.47,3.43,9.54,0.33,,
420,1906-01-01,8.47,3.43,9.87,0.34,,
421,1906-02-01,8.47,3.45,9.8,0.34,,
422,1906-03-01,8.47,3.47,9.56,0.35,,
423,1906-04-01,8.47,3.49,9.43,0.35,,
424,1906-05-01,8.56,3.51,9.18,0.36,,
425,1906-06-01,8.56,3.53,9.3,0.36,,
426,1906-07-01,8.28,3.55,9.06,0.37,,
427,1906-08-01,8.47,3.57,9.73,0.38,,
428,1906-09-01,8.56,3.59,10.03,0.38,,
429,1906-10-01,8.75,3.61,9.73,0.39,,
430,1906-11-01,8.85,3.63,9.93,0.39,,
431,1906-12-01,8.94,3.65,9.84,0.4,,
432,1907-01-01,8.85,3.67,9.56,0.4,,
433,1907-02-01,9.04,3.69,9.26,0.41,,
434,1907-03-01,8.94,3.7,8.35,0.41,,
435,1907-04-01,8.94,3.72,8.39,0.41,,
436,1907-05-01,9.13,3.74,8.1,0.42,,
437,1907-06-01,9.23,3.75,7.84,0.42,,
438,1907-07-01,9.23,3.77,8.14,0.42,,
439,1907-08-01,9.23,3.79,7.53,0.43,,
440,1907-09-01,9.23,3.8,7.45,0.43,,
441,1907-10-01,9.32,3.82,6.64,0.43,,
442,1907-11-01,8.94,3.84,6.25,0.44,,
443,1907-12-01,8.75,3.85,6.57,0.44,,
444,1908-01-01,8.66,3.87,6.85,0.44,,
445,1908-02-01,8.56,3.86,6.6,0.43,,
446,1908-03-01,8.56,3.85,6.87,0.43,,
447,1908-04-01,8.66,3.84,7.24,0.43,,
448,1908-05-01,8.66,3.83,7.63,0.42,,
449,1908-06-01,8.66,3.82,7.64,0.42,,
450,1908-07-01,8.75,3.81,7.92,0.42,,
451,1908-08-01,8.75,3.81,8.26,0.41,,
452,1908-09-01,8.75,3.8,8.17,0.41,,
453,1908-10-01,8.85,3.79,8.27,0.41,,
454,1908-11-01,8.94,3.78,8.83,0.4,,
455,1908-12-01,9.04,3.77,9.03,0.4,,
456,1909-01-01,8.94,3.76,9.06,0.4,,
457,1909-02-01,9.04,3.77,8.8,0.41,,
458,1909-03-01,9.04,3.78,8.92,0.41,,
459,1909-04-01,9.23,3.8,9.32,0.41,,
460,1909-05-01,9.32,3.81,9.63,0.42,,
461,1909-06-01,9.42,3.82,9.8,0.42,,
462,1909-07-01,9.42,3.83,9.94,0.42,,
463,1909-08-01,9.51,3.85,10.18,0.43,,
464,1909-09-01,9.61,3.86,10.19,0.43,,
465,1909-10-01,9.8,3.87,10.23,0.43,,
466,1909-11-01,9.9,3.88,10.18,0.44,,
467,1909-12-01,9.99,3.9,10.3,0.44,,
468,1910-01-01,9.9,3.91,10.08,0.44,,
469,1910-02-01,9.9,3.92,9.72,0.45,,
470,1910-03-01,10.09,3.92,9.96,0.45,,
471,1910-04-01,10.18,3.93,9.72,0.45,,
472,1910-05-01,9.99,3.93,9.56,0.45,,
473,1910-06-01,9.9,3.94,9.1,0.46,,
474,1910-07-01,9.9,3.95,8.64,0.46,,
475,1910-08-01,9.8,3.95,8.85,0.46,,
476,1910-09-01,9.7,3.96,8.91,0.46,,
477,1910-10-01,9.42,3.96,9.32,0.47,,
478,1910-11-01,9.23,3.97,9.31,0.47,,
479,1910-12-01,9.23,3.97,9.05,0.47,,
480,1911-01-01,9.23,3.98,9.27,0.47,,
481,1911-02-01,8.94,3.98,9.43,0.47,,
482,1911-03-01,9.04,3.98,9.32,0.47,,
483,1911-04-01,8.75,3.99,9.28,0.47,,
484,1911-05-01,8.75,3.99,9.48,0.47,,
485,1911-06-01,8.75,3.99,9.67,0.47,,
486,1911-07-01,8.85,4.0,9.63,0.47,,
487,1911-08-01,9.13,4.0,9.17,0.47,,
488,1911-09-01,9.23,4.0,8.67,0.47,,
489,1911-10-01,9.23,4.0,8.72,0.47,,
490,1911-11-01,9.13,4.0,9.07,0.47,,
491,1911-12-01,9.04,4.01,9.11,0.47,,
492,1912-01-01,9.13,4.01,9.12,0.47,,
493,1912-02-01,9.23,4.05,9.04,0.47,,
494,1912-03-01,9.42,4.08,9.3,0.47,,
495,1912-04-01,9.7,4.12,9.59,0.47,,
496,1912-05-01,9.7,4.16,9.58,0.47,,
497,1912-06-01,9.61,4.19,9.58,0.47,,
498,1912-07-01,9.61,4.23,9.59,0.48,,
499,1912-08-01,9.7,4.27,9.81,0.48,,
500,1912-09-01,9.8,4.3,9.86,0.48,,
501,1912-10-01,9.8,4.34,9.84,0.48,,
502,1912-11-01,9.8,4.38,9.73,0.48,,
503,1912-12-01,9.7,4.41,9.38,0.48,,
504,1913-01-01,9.8,4.45,9.3,0.48,,
505,1913-02-01,9.8,4.43,8.97,0.48,,
506,1913-03-01,9.8,4.4,8.8,0.48,,
507,1913-04-01,9.8,4.38,8.79,0.48,,
508,1913-05-01,9.7,4.35,8.55,0.48,,
509,1913-06-01,9.8,4.33,8.12,0.48,,
510,1913-07-01,9.9,4.3,8.23,0.48,,
511,1913-08-01,9.9,4.28,8.45,0.48,,
512,1913-09-01,10.0,4.26,8.53,0.48,,
513,1913-10-01,10.0,4.23,8.26,0.48,,
514,1913-11-01,10.1,4.21,8.05,0.48,,
515,1913-12-01,10.0,4.18,8.04,0.48,,
516,1914-01-01,10.0,4.16,8.37,0.47,,
517,1914-02-01,9.9,4.17,8.48,0.47,,
518,1914-03-01,9.9,4.17,8.32,0.47,,
519,1914-04-01,9.8,4.18,8.12,0.46,,
520,1914-05-01,9.9,4.19,8.17,0.46,,
521,1914-06-01,9.9,4.19,8.13,0.45,,
522,1914-07-01,10.0,4.2,7.68,0.45,,
523,1914-08-01,10.2,4.21,7.68,0.44,,
524,1914-09-01,10.2,4.21,7.68,0.43,,
525,1914-10-01,10.1,4.22,7.68,0.43,,
526,1914-11-01,10.2,4.23,7.68,0.42,,
527,1914-12-01,10.1,4.23,7.35,0.42,,
528,1915-01-01,10.1,4.24,7.48,0.42,,
529,1915-02-01,10.0,4.22,7.38,0.42,,
530,1915-03-01,9.9,4.21,7.57,0.42,,
531,1915-04-01,10.0,4.19,8.14,0.42,,
532,1915-05-01,10.1,4.18,7.95,0.42,,
533,1915-06-01,10.1,4.16,8.04,0.42,,
534,1915-07-01,10.1,4.14,8.01,0.43,,
535,1915-08-01,10.1,4.13,8.35,0.43,,
536,1915-09-01,10.1,4.11,8.66,0.43,,
537,1915-10-01,10.2,4.1,9.14,0.43,,
538,1915-11-01,10.3,4.08,9.46,0.43,,
539,1915-12-01,10.3,4.07,9.48,0.43,,
540,1916-01-01,10.4,4.05,9.33,0.44,,
541,1916-02-01,10.4,4.06,9.2,0.45,,
542,1916-03-01,10.5,4.08,9.17,0.46,,
543,1916-04-01,10.6,4.09,9.07,0.47,,
544,1916-05-01,10.7,4.11,9.27,0.48,,
545,1916-06-01,10.8,4.13,9.36,0.49,,
546,1916-07-01,10.8,4.14,9.23,0.51,,
547,1916-08-01,10.9,4.16,9.3,0.52,,
548,1916-09-01,11.1,4.17,9.68,0.53,,
549,1916-10-01,11.3,4.19,9.98,0.54,,
550,1916-11-01,11.5,4.2,10.21,0.55,,
551,1916-12-01,11.6,4.21,9.8,0.56,,
552,1917-01-01,11.7,4.23,9.57,0.57,,
553,1917-02-01,12.0,4.26,9.03,0.58,,
554,1917-03-01,12.0,4.29,9.31,0.59,,
555,1917-04-01,12.6,4.32,9.17,0.6,,
556,1917-05-01,12.8,4.34,8.86,0.61,,
557,1917-06-01,13.0,4.37,9.04,0.63,,
558,1917-07-01,12.8,4.4,8.79,0.64,,
559,1917-08-01,13.0,4.43,8.53,0.65,,
560,1917-09-01,13.3,4.46,8.12,0.66,,
561,1917-10-01,13.5,4.49,7.68,0.67,,
562,1917-11-01,13.5,4.51,7.04,0.68,,
563,1917-12-01,13.7,4.54,6.8,0.69,,
564,1918-01-01,14.0,4.57,7.21,0.68,,
565,1918-02-01,14.1,4.56,7.43,0.67,,
566,1918-03-01,14.0,4.56,7.28,0.66,,
567,1918-04-01,14.2,4.55,7.21,0.65,,
568,1918-05-01,14.5,4.55,7.44,0.64,,
569,1918-06-01,14.7,4.54,7.45,0.63,,
570,1918-07-01,15.1,4.54,7.51,0.62,,
571,1918-08-01,15.4,4.53,7.58,0.61,,
572,1918-09-01,15.7,4.52,7.54,0.6,,
573,1918-10-01,16.0,4.52,7.86,0.59,,
574,1918-11-01,16.3,4.51,8.06,0.58,,
575,1918-12-01,16.5,4.51,7.9,0.57,,
576,1919-01-01,16.5,4.5,7.85,0.57,,
577,1919-02-01,16.2,4.54,7.88,0.56,,
578,1919-03-01,16.4,4.58,8.12,0.56,,
579,1919-04-01,16.7,4.62,8.39,0.56,,
580,1919-05-01,16.9,4.66,8.97,0.55,,
581,1919-06-01,16.9,4.7,9.21,0.55,,
582,1919-07-01,17.4,4.73,9.51,0.55,,
583,1919-08-01,17.7,4.77,8.87,0.54,,
584,1919-09-01,17.8,4.81,9.01,0.54,,
585,1919-10-01,18.1,4.85,9.47,0.54,,
586,1919-11-01,18.5,4.89,9.19,0.53,,
587,1919-12-01,18.9,4.93,8.92,0.53,,
588,1920-01-01,19.3,4.97,8.83,0.53,,
589,1920-02-01,19.5,4.98,8.1,0.53,,
590,1920-03-01,19.7,4.99,8.67,0.53,,
591,1920-04-01,20.3,5.0,8.6,0.52,,
592,1920-05-01,20.6,5.01,8.06,0.52,,
593,1920-06-01,20.9,5.02,7.92,0.52,,
594,1920-07-01,20.8,5.03,7.91,0.52,,
595,1920-08-01,20.3,5.04,7.6,0.52,,
596,1920-09-01,20.0,5.05,7.87,0.52,,
597,1920-10-01,19.9,5.06,7.88,0.51,,
598,1920-11-01,19.8,5.07,7.48,0.51,,
599,1920-12-01,19.4,5.08,6.81,0.51,,
600,1921-01-01,19.0,5.09,7.11,0.51,,
601,1921-02-01,18.4,5.02,7.06,0.5,,
602,1921-03-01,18.3,4.96,6.88,0.5,,
603,1921-04-01,18.1,4.89,6.91,0.49,,
604,1921-05-01,17.7,4.83,7.12,0.49,,
605,1921-06-01,17.6,4.76,6.55,0.48,,
606,1921-07-01,17.7,4.7,6.53,0.48,,
607,1921-08-01,17.7,4.63,6.45,0.48,,
608,1921-09-01,17.5,4.56,6.61,0.47,,
609,1921-10-01,17.5,4.5,6.7,0.47,,
610,1921-11-01,17.4,4.43,7.06,0.46,,
611,1921-12-01,17.3,4.37,7.31,0.46,,
612,1922-01-01,16.9,4.3,7.3,0.46,,
613,1922-02-01,16.9,4.3,7.46,0.47,,
614,1922-03-01,16.7,4.31,7.74,0.47,,
615,1922-04-01,16.7,4.31,8.21,0.48,,
616,1922-05-01,16.7,4.32,8.53,0.48,,
617,1922-06-01,16.7,4.33,8.45,0.48,,
618,1922-07-01,16.8,4.33,8.51,0.49,,
619,1922-08-01,16.6,4.33,8.83,0.49,,
620,1922-09-01,16.6,4.34,9.06,0.5,,
621,1922-10-01,16.7,4.34,9.26,0.5,,
622,1922-11-01,16.8,4.35,8.8,0.51,,
623,1922-12-01,16.9,4.35,8.78,0.51,,
624,1923-01-01,16.8,4.36,8.9,0.51,,
625,1923-02-01,16.8,4.33,9.28,0.51,,
626,1923-03-01,16.8,4.31,9.43,0.52,,
627,1923-04-01,16.9,4.29,9.1,0.52,,
628,1923-05-01,16.9,4.26,8.67,0.52,,
629,1923-06-01,17.0,4.23,8.34,0.52,,
630,1923-07-01,17.2,4.21,8.06,0.52,,
631,1923-08-01,17.1,4.18,8.1,0.52,,
632,1923-09-01,17.2,4.16,8.15,0.53,,
633,1923-10-01,17.3,4.13,8.03,0.53,,
634,1923-11-01,17.3,4.11,8.27,0.53,,
635,1923-12-01,17.3,4.08,8.55,0.53,,
636,1924-01-01,17.3,4.06,8.83,0.53,,
637,1924-02-01,17.2,4.04,8.87,0.53,,
638,1924-03-01,17.1,4.03,8.7,0.54,,
639,1924-04-01,17.0,4.01,8.5,0.54,,
640,1924-05-01,17.0,3.99,8.47,0.54,,
641,1924-06-01,17.0,3.98,8.63,0.54,,
642,1924-07-01,17.1,3.96,9.03,0.54,,
643,1924-08-01,17.0,3.94,9.34,0.54,,
644,1924-09-01,17.1,3.93,9.25,0.55,,
645,1924-10-01,17.2,3.91,9.13,0.55,,
646,1924-11-01,17.2,3.89,9.64,0.55,,
647,1924-12-01,17.3,3.88,10.16,0.55,,
648,1925-01-01,17.3,3.86,10.58,0.55,,
649,1925-02-01,17.2,3.85,10.67,0.56,,
650,1925-03-01,17.3,3.83,10.39,0.56,,
651,1925-04-01,17.2,3.81,10.28,0.57,,
652,1925-05-01,17.3,3.8,10.61,0.57,,
653,1925-06-01,17.5,3.79,10.8,0.57,,
654,1925-07-01,17.7,3.77,11.1,0.58,,
655,1925-08-01,17.7,3.76,11.25,0.58,,
656,1925-09-01,17.7,3.74,11.51,0.59,,
657,1925-10-01,17.7,3.73,11.89,0.59,,
658,1925-11-01,18.0,3.71,12.26,0.6,,
659,1925-12-01,17.9,3.7,12.46,0.6,,
660,1926-01-01,17.9,3.68,12.65,0.61,,
661,1926-02-01,17.9,3.65,12.67,0.61,,
662,1926-03-01,17.8,3.62,11.81,0.62,,
663,1926-04-01,17.9,3.6,11.48,0.63,,
664,1926-05-01,17.8,3.57,11.56,0.64,,
665,1926-06-01,17.7,3.54,12.11,0.65,,
666,1926-07-01,17.5,3.51,12.62,0.65,,
667,1926-08-01,17.4,3.48,13.12,0.66,,
668,1926-09-01,17.5,3.45,13.32,0.67,,
669,1926-10-01,17.6,3.42,13.02,0.68,,
670,1926-11-01,17.7,3.4,13.19,0.68,,
671,1926-12-01,17.7,3.37,13.49,0.69,,
672,1927-01-01,17.5,3.34,13.4,0.7,,
673,1927-02-01,17.4,3.34,13.66,0.7,,
674,1927-03-01,17.3,3.34,13.87,0.71,,
675,1927-04-01,17.3,3.34,14.21,0.72,,
676,1927-05-01,17.4,3.34,14.7,0.72,,
677,1927-06-01,17.6,3.34,14.89,0.73,,
678,1927-07-01,17.3,3.33,15.22,0.74,,
679,1927-08-01,17.2,3.33,16.03,0.74,,
680,1927-09-01,17.3,3.33,16.94,0.75,,
681,1927-10-01,17.4,3.33,16.68,0.76,,
682,1927-11-01,17.3,3.33,17.06,0.76,,
683,1927-12-01,17.3,3.33,17.46,0.77,,
684,1928-01-01,17.3,3.33,17.53,0.78,,
685,1928-02-01,17.1,3.35,17.32,0.78,,
686,1928-03-01,17.1,3.38,18.25,0.79,,
687,1928-04-01,17.1,3.4,19.4,0.8,,
688,1928-05-01,17.2,3.42,20.0,0.8,,
689,1928-06-01,17.1,3.44,19.02,0.81,,
690,1928-07-01,17.1,3.46,19.16,0.82,,
691,1928-08-01,17.1,3.49,19.78,0.82,,
692,1928-09-01,17.3,3.51,21.17,0.83,,
693,1928-10-01,17.2,3.53,21.6,0.84,,
694,1928-11-01,17.2,3.56,23.06,0.84,,
695,1928-12-01,17.1,3.58,23.15,0.85,,
696,1929-01-01,17.1,3.6,24.86,0.86,,
697,1929-02-01,17.1,3.57,24.99,0.87,,
698,1929-03-01,17.0,3.55,25.43,0.88,,
699,1929-04-01,16.9,3.52,25.28,0.89,,
700,1929-05-01,17.0,3.5,25.66,0.9,,
701,1929-06-01,17.1,3.47,26.15,0.91,,
702,1929-07-01,17.3,3.45,28.48,0.92,,
703,1929-08-01,17.3,3.42,30.1,0.93,,
704,1929-09-01,17.3,3.39,31.3,0.94,,
705,1929-10-01,17.3,3.37,27.99,0.95,,
706,1929-11-01,17.3,3.34,20.58,0.96,,
707,1929-12-01,17.2,3.32,21.4,0.97,,
708,1930-01-01,17.1,3.29,21.71,0.97,,
709,1930-02-01,17.0,3.29,23.07,0.97,,
710,1930-03-01,16.9,3.3,23.94,0.97,,
711,1930-04-01,17.0,3.3,25.46,0.97,,
712,1930-05-01,16.9,3.31,23.94,0.97,,
713,1930-06-01,16.8,3.31,21.52,0.97,,
714,1930-07-01,16.6,3.32,21.06,0.98,,
715,1930-08-01,16.5,3.32,20.79,0.98,,
716,1930-09-01,16.6,3.32,20.78,0.98,,
717,1930-10-01,16.5,3.33,17.92,0.98,,
718,1930-11-01,16.4,3.33,16.62,0.98,,
719,1930-12-01,16.1,3.34,15.51,0.98,,
720,1931-01-01,15.9,3.34,15.98,0.97,,
721,1931-02-01,15.7,3.37,17.2,0.95,,
722,1931-03-01,15.6,3.4,17.53,0.94,,
723,1931-04-01,15.5,3.42,15.86,0.93,,
724,1931-05-01,15.3,3.45,14.33,0.91,,
725,1931-06-01,15.1,3.48,13.87,0.9,,
726,1931-07-01,15.1,3.51,14.33,0.89,,
727,1931-08-01,15.1,3.54,13.9,0.87,,
728,1931-09-01,15.0,3.57,11.83,0.86,,
729,1931-10-01,14.9,3.6,10.25,0.85,,
730,1931-11-01,14.7,3.62,10.39,0.83,,
731,1931-12-01,14.6,3.65,8.44,0.82,,
732,1932-01-01,14.3,3.68,8.3,0.79,,
733,1932-02-01,14.1,3.65,8.23,0.77,,
734,1932-03-01,14.0,3.62,8.26,0.74,,
735,1932-04-01,13.9,3.59,6.28,0.71,,
736,1932-05-01,13.7,3.56,5.51,0.69,,
737,1932-06-01,13.6,3.53,4.77,0.66,,
738,1932-07-01,13.6,3.5,5.01,0.63,,
739,1932-08-01,13.5,3.46,7.53,0.61,,
740,1932-09-01,13.4,3.43,8.26,0.58,,
741,1932-10-01,13.3,3.4,7.12,0.55,,
742,1932-11-01,13.2,3.37,7.05,0.53,,
743,1932-12-01,13.1,3.34,6.82,0.5,,
744,1933-01-01,12.9,3.31,7.09,0.49,,
745,1933-02-01,12.7,3.29,6.25,0.49,,
746,1933-03-01,12.6,3.28,6.23,0.48,,
747,1933-04-01,12.6,3.26,6.89,0.48,,
748,1933-05-01,12.6,3.25,8.87,0.47,,
749,1933-06-01,12.7,3.23,10.39,0.47,,
750,1933-07-01,13.1,3.21,11.23,0.47,,
751,1933-08-01,13.2,3.2,10.67,0.46,,
752,1933-09-01,13.2,3.18,10.58,0.46,,
753,1933-10-01,13.2,3.17,9.55,0.45,,
754,1933-11-01,13.2,3.15,9.78,0.45,,
755,1933-12-01,13.2,3.14,9.97,0.44,,
756,1934-01-01,13.2,3.12,10.54,0.44,,
757,1934-02-01,13.3,3.09,11.32,0.44,,
758,1934-03-01,13.3,3.06,10.74,0.44,,
759,1934-04-01,13.3,3.04,10.92,0.44,,
760,1934-05-01,13.3,3.01,9.81,0.44,,
761,1934-06-01,13.4,2.98,9.94,0.45,,
762,1934-07-01,13.4,2.96,9.47,0.45,,
763,1934-08-01,13.4,2.93,9.1,0.45,,
764,1934-09-01,13.6,2.9,8.88,0.45,,
765,1934-10-01,13.5,2.87,8.95,0.45,,
766,1934-11-01,13.5,2.84,9.2,0.45,,
767,1934-12-01,13.4,2.82,9.26,0.45,,
768,1935-01-01,13.6,2.79,9.26,0.45,,
769,1935-02-01,13.7,2.78,8.98,0.45,,
770,1935-03-01,13.7,2.77,8.41,0.45,,
771,1935-04-01,13.8,2.75,9.04,0.45,,
772,1935-05-01,13.8,2.74,9.75,0.44,,
773,1935-06-01,13.7,2.73,10.12,0.44,,
774,1935-07-01,13.7,2.72,10.65,0.44,,
775,1935-08-01,13.7,2.71,11.37,0.44,,
776,1935-09-01,13.7,2.7,11.61,0.44,,
777,1935-10-01,13.7,2.69,11.92,0.45,,
778,1935-11-01,13.8,2.67,13.04,0.46,,
779,1935-12-01,13.8,2.66,13.04,0.47,,
780,1936-01-01,13.8,2.65,13.76,0.48,,
781,1936-02-01,13.8,2.65,14.55,0.49,,
782,1936-03-01,13.7,2.66,14.86,0.5,,
783,1936-04-01,13.7,2.66,14.88,0.52,,
784,1936-05-01,13.7,2.66,14.09,0.53,,
785,1936-06-01,13.8,2.66,14.69,0.55,,
786,1936-07-01,13.9,2.67,15.56,0.57,,
787,1936-08-01,14.0,2.67,15.87,0.59,,
788,1936-09-01,14.0,2.67,16.05,0.61,,
789,1936-10-01,14.0,2.67,16.89,0.65,,
790,1936-11-01,14.0,2.67,17.36,0.68,,
791,1936-12-01,14.0,2.68,17.06,0.72,,
792,1937-01-01,14.1,2.68,17.59,0.73,,
793,1937-02-01,14.1,2.67,18.11,0.74,,
794,1937-03-01,14.2,2.66,18.09,0.75,,
795,1937-04-01,14.3,2.65,17.01,0.78,,
796,1937-05-01,14.4,2.64,16.25,0.81,,
797,1937-06-01,14.4,2.63,15.64,0.84,,
798,1937-07-01,14.5,2.62,16.57,0.82,,
799,1937-08-01,14.5,2.61,16.74,0.79,,
800,1937-09-01,14.6,2.6,14.37,0.77,,
801,1937-10-01,14.6,2.59,12.28,0.78,,
802,1937-11-01,14.5,2.58,11.2,0.79,,
803,1937-12-01,14.4,2.57,11.02,0.8,,
804,1938-01-01,14.2,2.56,11.31,0.79,,
805,1938-02-01,14.1,2.54,11.04,0.79,,
806,1938-03-01,14.1,2.53,10.31,0.78,,
807,1938-04-01,14.2,2.51,9.89,0.77,,
808,1938-05-01,14.1,2.49,9.98,0.75,,
809,1938-06-01,14.1,2.48,10.21,0.74,,
810,1938-07-01,14.1,2.46,12.24,0.71,,
811,1938-08-01,14.1,2.44,12.31,0.69,,
812,1938-09-01,14.1,2.43,11.75,0.66,,
813,1938-10-01,14.0,2.41,13.06,0.61,,
814,1938-11-01,14.0,2.39,13.07,0.56,,
815,1938-12-01,14.0,2.38,12.69,0.51,,
816,1939-01-01,14.0,2.36,12.5,0.51,,
817,1939-02-01,13.9,2.35,12.4,0.52,,
818,1939-03-01,13.9,2.33,12.39,0.52,,
819,1939-04-01,13.8,2.32,10.83,0.52,,
820,1939-05-01,13.8,2.31,11.23,0.53,,
821,1939-06-01,13.8,2.3,11.43,0.53,,
822,1939-07-01,13.8,2.29,11.71,0.54,,
823,1939-08-01,13.8,2.27,11.54,0.55,,
824,1939-09-01,14.1,2.26,12.77,0.56,,
825,1939-10-01,14.0,2.25,12.9,0.58,,
826,1939-11-01,14.0,2.24,12.67,0.6,,
827,1939-12-01,14.0,2.22,12.37,0.62,,
828,1940-01-01,13.9,2.21,12.3,0.62,,
829,1940-02-01,14.0,2.19,12.22,0.63,,
830,1940-03-01,14.0,2.17,12.15,0.63,,
831,1940-04-01,14.0,2.15,12.27,0.64,,
832,1940-05-01,14.0,2.12,10.58,0.64,,
833,1940-06-01,14.1,2.1,9.67,0.65,,
834,1940-07-01,14.0,2.08,9.99,0.66,,
835,1940-08-01,14.0,2.06,10.2,0.66,,
836,1940-09-01,14.0,2.04,10.63,0.67,,
837,1940-10-01,14.0,2.02,10.73,0.67,,
838,1940-11-01,14.0,1.99,10.98,0.67,,
839,1940-12-01,14.1,1.97,10.53,0.67,,
840,1941-01-01,14.1,1.95,10.55,0.67,,
841,1941-02-01,14.1,1.99,9.89,0.68,,
842,1941-03-01,14.2,2.04,9.95,0.68,,
843,1941-04-01,14.3,2.08,9.64,0.68,,
844,1941-05-01,14.4,2.12,9.43,0.69,,
845,1941-06-01,14.7,2.16,9.76,0.69,,
846,1941-07-01,14.7,2.21,10.26,0.69,,
847,1941-08-01,14.9,2.25,10.21,0.7,,
848,1941-09-01,15.1,2.29,10.24,0.7,,
849,1941-10-01,15.3,2.33,9.83,0.7,,
850,1941-11-01,15.4,2.38,9.37,0.71,,
851,1941-12-01,15.5,2.42,8.76,0.71,,
852,1942-01-01,15.7,2.46,8.93,0.7,,
853,1942-02-01,15.8,2.46,8.65,0.7,,
854,1942-03-01,16.0,2.46,8.18,0.69,,
855,1942-04-01,16.1,2.46,7.84,0.68,,
856,1942-05-01,16.3,2.46,7.93,0.67,,
857,1942-06-01,16.3,2.46,8.33,0.66,,
858,1942-07-01,16.4,2.46,8.64,0.65,,
859,1942-08-01,16.5,2.47,8.59,0.63,,
860,1942-09-01,16.5,2.47,8.68,0.62,,
861,1942-10-01,16.7,2.47,9.32,0.61,,
862,1942-11-01,16.8,2.47,9.47,0.6,,
863,1942-12-01,16.9,2.47,9.52,0.59,,
864,1943-01-01,16.9,2.47,10.09,0.59,,
865,1943-02-01,16.9,2.47,10.69,0.59,,
866,1943-03-01,17.2,2.47,11.07,0.59,,
867,1943-04-01,17.4,2.47,11.44,0.59,,
868,1943-05-01,17.5,2.47,11.89,0.59,,
869,1943-06-01,17.5,2.47,12.1,0.59,,
870,1943-07-01,17.4,2.48,12.35,0.59,,
871,1943-08-01,17.3,2.48,11.74,0.6,,
872,1943-09-01,17.4,2.48,11.99,0.6,,
873,1943-10-01,17.4,2.48,11.88,0.6,,
874,1943-11-01,17.4,2.48,11.33,0.61,,
875,1943-12-01,17.4,2.48,11.48,0.61,,
876,1944-01-01,17.4,2.48,11.85,0.61,,
877,1944-02-01,17.4,2.47,11.77,0.62,,
878,1944-03-01,17.4,2.46,12.1,0.62,,
879,1944-04-01,17.5,2.45,11.89,0.62,,
880,1944-05-01,17.5,2.44,12.1,0.63,,
881,1944-06-01,17.6,2.43,12.67,0.63,,
882,1944-07-01,17.7,2.42,13.0,0.63,,
883,1944-08-01,17.7,2.42,12.81,0.64,,
884,1944-09-01,17.7,2.41,12.6,0.64,,
885,1944-10-01,17.7,2.4,12.91,0.64,,
886,1944-11-01,17.7,2.39,12.82,0.64,,
887,1944-12-01,17.8,2.38,13.1,0.64,,
888,1945-01-01,17.8,2.37,13.49,0.64,,
889,1945-02-01,17.8,2.35,13.94,0.65,,
890,1945-03-01,17.8,2.34,13.93,0.65,,
891,1945-04-01,17.8,2.33,14.28,0.65,,
892,1945-05-01,17.9,2.31,14.82,0.65,,
893,1945-06-01,18.1,2.29,15.09,0.65,,
894,1945-07-01,18.1,2.28,14.78,0.65,,
895,1945-08-01,18.1,2.27,14.83,0.66,,
896,1945-09-01,18.1,2.25,15.84,0.66,,
897,1945-10-01,18.1,2.24,16.5,0.66,,
898,1945-11-01,18.1,2.22,17.04,0.66,,
899,1945-12-01,18.2,2.21,17.33,0.66,,
900,1946-01-01,18.2,2.19,18.02,0.67,,
901,1946-02-01,18.1,2.19,18.07,0.67,,
902,1946-03-01,18.3,2.2,17.53,0.68,,
903,1946-04-01,18.4,2.21,18.66,0.68,,
904,1946-05-01,18.5,2.21,18.7,0.68,,
905,1946-06-01,18.7,2.21,18.58,0.68,,
906,1946-07-01,19.8,2.22,18.05,0.68,,
907,1946-08-01,20.2,2.23,17.7,0.69,,
908,1946-09-01,20.4,2.23,15.09,0.69,,
909,1946-10-01,20.8,2.23,14.75,0.7,,
910,1946-11-01,21.3,2.24,14.69,0.7,,
911,1946-12-01,21.5,2.25,15.13,0.71,,
912,1947-01-01,21.5,2.25,15.21,0.71,,
913,1947-02-01,21.5,2.27,15.8,0.72,,
914,1947-03-01,21.9,2.28,15.16,0.72,,
915,1947-04-01,21.9,2.3,14.6,0.73,,
916,1947-05-01,21.9,2.31,14.34,0.75,,
917,1947-06-01,22.0,2.33,14.84,0.76,,
918,1947-07-01,22.2,2.34,15.77,0.77,,
919,1947-08-01,22.5,2.36,15.46,0.78,,
920,1947-09-01,23.0,2.38,15.06,0.79,,
921,1947-10-01,23.0,2.39,15.45,0.81,,
922,1947-11-01,23.1,2.41,15.27,0.82,,
923,1947-12-01,23.4,2.42,15.03,0.84,,
924,1948-01-01,23.7,2.44,14.83,0.84,,
925,1948-02-01,23.5,2.43,14.1,0.85,,
926,1948-03-01,23.4,2.42,14.3,0.85,,
927,1948-04-01,23.8,2.41,15.4,0.85,,
928,1948-05-01,23.9,2.4,16.15,0.85,,
929,1948-06-01,24.1,2.39,16.82,0.85,,
930,1948-07-01,24.4,2.38,16.42,0.86,,
931,1948-08-01,24.5,2.36,15.94,0.86,,
932,1948-09-01,24.5,2.35,15.76,0.87,,
933,1948-10-01,24.4,2.34,16.19,0.89,,
934,1948-11-01,24.2,2.33,15.29,0.91,,
935,1948-12-01,24.1,2.32,15.19,0.93,,
936,1949-01-01,24.0,2.31,15.36,0.95,,
937,1949-02-01,23.8,2.31,14.77,0.96,,
938,1949-03-01,23.8,2.31,14.91,0.98,,
939,1949-04-01,23.9,2.31,14.89,0.99,,
940,1949-05-01,23.8,2.31,14.78,1.01,,
941,1949-06-01,23.9,2.31,13.97,1.02,,
942,1949-07-01,23.7,2.31,14.76,1.03,,
943,1949-08-01,23.8,2.32,15.29,1.03,,
944,1949-09-01,23.9,2.32,15.49,1.04,,
945,1949-10-01,23.7,2.32,15.89,1.07,,
946,1949-11-01,23.8,2.32,16.11,1.11,,
947,1949-12-01,23.6,2.32,16.54,1.14,,
948,1950-01-01,23.5,2.32,16.88,1.15,,
949,1950-02-01,23.5,2.34,17.21,1.16,,
950,1950-03-01,23.6,2.36,17.35,1.17,,
951,1950-04-01,23.6,2.38,17.84,1.18,,
952,1950-05-01,23.7,2.4,18.44,1.19,,
953,1950-06-01,23.8,2.42,18.74,1.2,,
954,1950-07-01,24.1,2.44,17.38,1.24,,
955,1950-08-01,24.3,2.47,18.43,1.29,,
956,1950-09-01,24.4,2.49,19.08,1.33,,
957,1950-10-01,24.6,2.51,19.87,1.38,,
958,1950-11-01,24.7,2.53,19.83,1.42,,
959,1950-12-01,25.0,2.55,19.75,1.47,,
960,1951-01-01,25.4,2.57,21.21,1.49,,
961,1951-02-01,25.7,2.58,22.0,1.5,,
962,1951-03-01,25.8,2.59,21.63,1.52,,
963,1951-04-01,25.8,2.6,21.92,1.53,,
964,1951-05-01,25.9,2.61,21.93,1.55,,
965,1951-06-01,25.9,2.62,21.55,1.56,,
966,1951-07-01,25.9,2.63,21.93,1.55,,
967,1951-08-01,25.9,2.63,22.89,1.53,,
968,1951-09-01,26.1,2.64,23.48,1.52,,
969,1951-10-01,26.2,2.65,23.36,1.48,,
970,1951-11-01,26.4,2.66,22.71,1.45,,
971,1951-12-01,26.5,2.67,23.41,1.41,,
972,1952-01-01,26.5,2.68,24.19,1.41,,
973,1952-02-01,26.3,2.69,23.75,1.42,,
974,1952-03-01,26.3,2.71,23.81,1.42,,
975,1952-04-01,26.4,2.72,23.74,1.43,,
976,1952-05-01,26.4,2.73,23.73,1.44,,
977,1952-06-01,26.5,2.74,24.38,1.45,,
978,1952-07-01,26.7,2.75,25.08,1.45,,
979,1952-08-01,26.7,2.77,25.18,1.45,,
980,1952-09-01,26.7,2.78,24.78,1.45,,
981,1952-10-01,26.7,2.79,24.26,1.44,,
982,1952-11-01,26.7,2.81,25.03,1.42,,
983,1952-12-01,26.7,2.82,26.04,1.41,,
984,1953-01-01,26.6,2.83,26.18,1.41,,
985,1953-02-01,26.5,2.8,25.86,1.41,,
986,1953-03-01,26.6,2.77,25.99,1.41,,
987,1953-04-01,26.6,2.83,24.71,1.41,,
988,1953-05-01,26.7,3.05,24.84,1.42,,
989,1953-06-01,26.8,3.11,23.95,1.42,,
990,1953-07-01,26.8,2.93,24.29,1.42,,
991,1953-08-01,26.9,2.95,24.39,1.42,,
992,1953-09-01,26.9,2.87,23.27,1.42,,
993,1953-10-01,27.0,2.66,23.97,1.43,,
994,1953-11-01,26.9,2.68,24.5,1.44,,
995,1953-12-01,26.9,2.59,24.83,1.45,,
996,1954-01-01,26.9,2.48,25.46,1.46,,
997,1954-02-01,26.9,2.47,26.02,1.46,,
998,1954-03-01,26.9,2.37,26.57,1.47,,
999,1954-04-01,26.8,2.29,27.63,1.46,,
1000,1954-05-01,26.9,2.37,28.73,1.46,,
1001,1954-06-01,26.9,2.38,28.96,1.45,,
1002,1954-07-01,26.9,2.3,30.13,1.46,,
1003,1954-08-01,26.9,2.36,30.73,1.46,,
1004,1954-09-01,26.8,2.38,31.45,1.47,,
1005,1954-10-01,26.8,2.43,32.18,1.49,,
1006,1954-11-01,26.8,2.48,33.44,1.52,,
1007,1954-12-01,26.7,2.51,34.97,1.54,,
1008,1955-01-01,26.7,2.61,35.6,1.55,,
1009,1955-02-01,26.7,2.65,36.79,1.55,,
1010,1955-03-01,26.7,2.68,36.5,1.56,,
1011,1955-04-01,26.7,2.75,37.76,1.56,,
1012,1955-05-01,26.7,2.76,37.6,1.57,,
1013,1955-06-01,26.7,2.78,39.78,1.57,,
1014,1955-07-01,26.8,2.9,42.69,1.59,,
1015,1955-08-01,26.8,2.97,42.43,1.6,,
1016,1955-09-01,26.9,2.97,44.34,1.62,,
1017,1955-10-01,26.9,2.88,42.11,1.63,,
1018,1955-11-01,26.9,2.89,44.95,1.63,,
1019,1955-12-01,26.8,2.96,45.37,1.64,,
1020,1956-01-01,26.8,2.9,44.15,1.67,,
1021,1956-02-01,26.8,2.84,44.43,1.7,,
1022,1956-03-01,26.8,2.96,47.49,1.73,,
1023,1956-04-01,26.9,3.18,48.05,1.75,,
1024,1956-05-01,27.0,3.07,46.54,1.78,,
1025,1956-06-01,27.2,3.0,46.27,1.8,,
1026,1956-07-01,27.4,3.11,48.78,1.81,,
1027,1956-08-01,27.3,3.33,48.49,1.83,,
1028,1956-09-01,27.4,3.38,46.84,1.84,,
1029,1956-10-01,27.5,3.34,46.24,1.81,,
1030,1956-11-01,27.5,3.49,45.76,1.77,,
1031,1956-12-01,27.6,3.59,46.44,1.74,,
1032,1957-01-01,27.6,3.46,45.43,1.74,,
1033,1957-02-01,27.7,3.34,43.47,1.73,,
1034,1957-03-01,27.8,3.41,44.03,1.73,,
1035,1957-04-01,27.9,3.48,45.05,1.73,,
1036,1957-05-01,28.0,3.6,46.78,1.73,,
1037,1957-06-01,28.1,3.8,47.55,1.73,,
1038,1957-07-01,28.3,3.93,48.51,1.74,,
1039,1957-08-01,28.3,3.93,45.84,1.75,,
1040,1957-09-01,28.3,3.92,43.98,1.76,,
1041,1957-10-01,28.3,3.97,41.24,1.77,,
1042,1957-11-01,28.4,3.72,40.35,1.78,,
1043,1957-12-01,28.4,3.21,40.33,1.79,,
1044,1958-01-01,28.6,3.09,41.12,1.78,,
1045,1958-02-01,28.6,3.05,41.26,1.78,,
1046,1958-03-01,28.8,2.98,42.11,1.77,,
1047,1958-04-01,28.9,2.88,42.34,1.76,,
1048,1958-05-01,28.9,2.92,43.7,1.74,,
1049,1958-06-01,28.9,2.97,44.75,1.73,,
1050,1958-07-01,29.0,3.2,45.98,1.73,,
1051,1958-08-01,28.9,3.54,47.7,1.73,,
1052,1958-09-01,28.9,3.76,48.96,1.73,,
1053,1958-10-01,28.9,3.8,50.95,1.74,,
1054,1958-11-01,29.0,3.74,52.5,1.74,,
1055,1958-12-01,28.9,3.86,53.49,1.75,,
1056,1959-01-01,29.0,4.02,55.62,1.76,,
1057,1959-02-01,28.9,3.96,54.77,1.76,,
1058,1959-03-01,28.9,3.99,56.16,1.77,,
1059,1959-04-01,29.0,4.12,57.1,1.78,,
1060,1959-05-01,29.0,4.31,57.96,1.78,,
1061,1959-06-01,29.1,4.34,57.46,1.79,,
1062,1959-07-01,29.2,4.4,59.74,1.8,,
1063,1959-08-01,29.2,4.43,59.4,1.8,,
1064,1959-09-01,29.3,4.68,57.05,1.81,,
1065,1959-10-01,29.4,4.53,57.0,1.82,,
1066,1959-11-01,29.4,4.53,57.23,1.82,,
1067,1959-12-01,29.4,4.69,59.06,1.83,,
1068,1960-01-01,29.3,4.72,58.03,1.87,,
1069,1960-02-01,29.4,4.49,55.78,1.9,,
1070,1960-03-01,29.4,4.25,55.02,1.94,,
1071,1960-04-01,29.5,4.28,55.73,1.94,,
1072,1960-05-01,29.5,4.35,55.22,1.95,,
1073,1960-06-01,29.6,4.15,57.26,1.95,,
1074,1960-07-01,29.6,3.9,55.84,1.95,,
1075,1960-08-01,29.6,3.8,56.51,1.95,,
1076,1960-09-01,29.6,3.8,54.81,1.95,,
1077,1960-10-01,29.8,3.89,53.73,1.95,,
1078,1960-11-01,29.8,3.93,55.47,1.95,,
1079,1960-12-01,29.8,3.84,56.8,1.95,,
1080,1961-01-01,29.8,3.84,59.72,1.95,,
1081,1961-02-01,29.8,3.78,62.17,1.94,,
1082,1961-03-01,29.8,3.74,64.12,1.94,,
1083,1961-04-01,29.8,3.78,65.83,1.94,,
1084,1961-05-01,29.8,3.71,66.5,1.94,,
1085,1961-06-01,29.8,3.88,65.62,1.94,,
1086,1961-07-01,30.0,3.92,65.44,1.95,,
1087,1961-08-01,29.9,4.04,67.79,1.95,,
1088,1961-09-01,30.0,3.98,67.26,1.96,,
1089,1961-10-01,30.0,3.92,68.0,1.98,,
1090,1961-11-01,30.0,3.94,71.08,2.0,,
1091,1961-12-01,30.0,4.06,71.74,2.02,,
1092,1962-01-01,30.0,4.08,69.07,2.03,,
1093,1962-02-01,30.1,4.04,70.22,2.03,,
1094,1962-03-01,30.1,3.93,70.29,2.04,,
1095,1962-04-01,30.2,3.84,68.05,2.05,,
1096,1962-05-01,30.2,3.87,62.99,2.05,,
1097,1962-06-01,30.2,3.91,55.63,2.06,,
1098,1962-07-01,30.3,4.01,56.97,2.07,,
1099,1962-08-01,30.3,3.98,58.52,2.07,,
1100,1962-09-01,30.4,3.98,58.0,2.08,,
1101,1962-10-01,30.4,3.93,56.17,2.1,,
1102,1962-11-01,30.4,3.92,60.04,2.11,,
1103,1962-12-01,30.4,3.86,62.64,2.13,,
1104,1963-01-01,30.4,3.83,65.06,2.14,,
1105,1963-02-01,30.4,3.92,65.92,2.14,,
1106,1963-03-01,30.5,3.93,65.67,2.15,,
1107,1963-04-01,30.5,3.97,68.76,2.17,,
1108,1963-05-01,30.5,3.93,70.14,2.18,,
1109,1963-06-01,30.6,3.99,70.11,2.2,,
1110,1963-07-01,30.7,4.02,69.07,2.2,,
1111,1963-08-01,30.7,4.0,70.98,2.21,,
1112,1963-09-01,30.7,4.08,72.85,2.21,,
1113,1963-10-01,30.8,4.11,73.03,2.23,,
1114,1963-11-01,30.8,4.12,72.62,2.26,,
1115,1963-12-01,30.9,4.13,74.17,2.28,,
1116,1964-01-01,30.9,4.17,76.45,2.3,,
1117,1964-02-01,30.9,4.15,77.39,2.31,,
1118,1964-03-01,30.9,4.22,78.8,2.33,,
1119,1964-04-01,30.9,4.23,79.94,2.35,,
1120,1964-05-01,30.9,4.2,80.72,2.36,,
1121,1964-06-01,31.0,4.17,80.24,2.38,,
1122,1964-07-01,31.1,4.19,83.22,2.4,,
1123,1964-08-01,31.0,4.19,82.0,2.42,,
1124,1964-09-01,31.1,4.2,83.41,2.44,,
1125,1964-10-01,31.1,4.19,84.85,2.46,,
1126,1964-11-01,31.2,4.15,85.44,2.48,,
1127,1964-12-01,31.2,4.18,83.96,2.5,,
1128,1965-01-01,31.2,4.19,86.12,2.52,,
1129,1965-02-01,31.2,4.21,86.75,2.53,,
1130,1965-03-01,31.3,4.21,86.83,2.55,,
1131,1965-04-01,31.4,4.2,87.97,2.57,,
1132,1965-05-01,31.4,4.21,89.28,2.59,,
1133,1965-06-01,31.6,4.21,85.04,2.61,,
1134,1965-07-01,31.6,4.2,84.91,2.63,,
1135,1965-08-01,31.6,4.25,86.49,2.64,,
1136,1965-09-01,31.6,4.29,89.38,2.66,,
1137,1965-10-01,31.7,4.35,91.39,2.68,,
1138,1965-11-01,31.7,4.45,92.15,2.7,,
1139,1965-12-01,31.8,4.62,91.73,2.72,,
1140,1966-01-01,31.8,4.61,93.32,2.74,,
1141,1966-02-01,32.0,4.83,92.69,2.76,,
1142,1966-03-01,32.1,4.87,88.88,2.78,,
1143,1966-04-01,32.3,4.75,91.6,2.8,,
1144,1966-05-01,32.3,4.78,86.78,2.81,,
1145,1966-06-01,32.4,4.81,86.06,2.83,,
1146,1966-07-01,32.5,5.02,85.84,2.85,,
1147,1966-08-01,32.7,5.22,80.65,2.87,,
1148,1966-09-01,32.7,5.18,77.81,2.89,,
1149,1966-10-01,32.9,5.01,77.13,2.88,,
1150,1966-11-01,32.9,5.16,80.99,2.88,,
1151,1966-12-01,32.9,4.84,81.33,2.87,,
1152,1967-01-01,32.9,4.58,84.45,2.88,,
1153,1967-02-01,32.9,4.63,87.36,2.89,,
1154,1967-03-01,33.0,4.54,89.42,2.9,,
1155,1967-04-01,33.1,4.59,90.96,2.9,,
1156,1967-05-01,33.2,4.85,92.59,2.9,,
1157,1967-06-01,33.3,5.02,91.43,2.9,,
1158,1967-07-01,33.4,5.16,93.01,2.91,,
1159,1967-08-01,33.5,5.28,94.49,2.91,,
1160,1967-09-01,33.6,5.3,95.81,2.92,,
1161,1967-10-01,33.7,5.48,95.66,2.92,,
1162,1967-11-01,33.8,5.75,92.66,2.92,,
1163,1967-12-01,33.9,5.7,95.3,2.92,,
1164,1968-01-01,34.1,5.53,95.04,2.93,,
1165,1968-02-01,34.2,5.56,90.75,2.94,,
1166,1968-03-01,34.3,5.74,89.09,2.95,,
1167,1968-04-01,34.4,5.64,95.67,2.96,,
1168,1968-05-01,34.5,5.87,97.87,2.98,,
1169,1968-06-01,34.7,5.72,100.5,2.99,,
1170,1968-07-01,34.9,5.5,100.3,3.0,,
1171,1968-08-01,35.0,5.42,98.11,3.02,,
1172,1968-09-01,35.1,5.46,101.3,3.03,,
1173,1968-10-01,35.3,5.58,103.8,3.04,,
1174,1968-11-01,35.4,5.7,105.4,3.06,,
1175,1968-12-01,35.5,6.03,106.5,3.07,,
1176,1969-01-01,35.6,6.04,102.0,3.08,,
1177,1969-02-01,35.8,6.19,101.5,3.09,,
1178,1969-03-01,36.1,6.3,99.3,3.1,,
1179,1969-04-01,36.3,6.17,101.3,3.11,,
1180,1969-05-01,36.4,6.32,104.6,3.12,,
1181,1969-06-01,36.6,6.57,99.14,3.13,,
1182,1969-07-01,36.8,6.72,94.71,3.14,,
1183,1969-08-01,37.0,6.69,94.18,3.14,,
1184,1969-09-01,37.1,7.16,94.51,3.15,,
1185,1969-10-01,37.3,7.1,95.52,3.15,,
1186,1969-11-01,37.5,7.14,96.21,3.16,,
1187,1969-12-01,37.7,7.65,91.11,3.16,,
1188,1970-01-01,37.8,7.79,90.31,3.16,,
1189,1970-02-01,38.0,7.24,87.16,3.17,,
1190,1970-03-01,38.2,7.07,88.65,3.17,,
1191,1970-04-01,38.5,7.39,85.95,3.17,,
1192,1970-05-01,38.6,7.91,76.06,3.18,,
1193,1970-06-01,38.8,7.84,75.59,3.18,,
1194,1970-07-01,39.0,7.46,75.72,3.18,,
1195,1970-08-01,39.0,7.53,77.92,3.19,,
1196,1970-09-01,39.2,7.39,82.58,3.19,,
1197,1970-10-01,39.4,7.33,84.37,3.17,,
1198,1970-11-01,39.6,6.84,84.28,3.16,,
1199,1970-12-01,39.8,6.39,90.05,3.14,,
1200,1971-01-01,39.8,6.24,93.49,3.13,,
1201,1971-02-01,39.9,6.11,97.11,3.12,,
1202,1971-03-01,40.0,5.7,99.6,3.11,,
1203,1971-04-01,40.1,5.83,103.0,3.11,,
1204,1971-05-01,40.3,6.39,101.6,3.1,,
1205,1971-06-01,40.6,6.52,99.72,3.1,,
1206,1971-07-01,40.7,6.73,99.0,3.1,,
1207,1971-08-01,40.8,6.58,97.24,3.09,,
1208,1971-09-01,40.8,6.14,99.4,3.09,,
1209,1971-10-01,40.9,5.93,97.29,3.08,,
1210,1971-11-01,40.9,5.81,92.78,3.08,,
1211,1971-12-01,41.1,5.93,99.17,3.07,,
1212,1972-01-01,41.1,5.95,103.3,3.07,,
1213,1972-02-01,41.3,6.08,105.2,3.07,,
1214,1972-03-01,41.4,6.07,107.7,3.07,,
1215,1972-04-01,41.5,6.19,108.8,3.07,,
1216,1972-05-01,41.6,6.13,107.7,3.07,,
1217,1972-06-01,41.7,6.11,108.0,3.07,,
1218,1972-07-01,41.9,6.11,107.2,3.07,,
1219,1972-08-01,42.0,6.21,111.0,3.08,,
1220,1972-09-01,42.1,6.55,109.4,3.08,,
1221,1972-10-01,42.3,6.48,109.6,3.1,,
1222,1972-11-01,42.4,6.28,115.1,3.13,,
1223,1972-12-01,42.5,6.36,117.5,3.15,,
1224,1973-01-01,42.6,6.46,118.4,3.16,,
1225,1973-02-01,42.9,6.64,114.2,3.16,,
1226,1973-03-01,43.3,6.71,112.4,3.17,,
1227,1973-04-01,43.6,6.67,110.3,3.19,,
1228,1973-05-01,43.9,6.85,107.2,3.2,,
1229,1973-06-01,44.2,6.9,104.8,3.22,,
1230,1973-07-01,44.3,7.13,105.8,3.24,,
1231,1973-08-01,45.1,7.4,103.8,3.25,,
1232,1973-09-01,45.2,7.09,105.6,3.27,,
1233,1973-10-01,45.6,6.79,109.8,3.31,,
1234,1973-11-01,45.9,6.73,102.0,3.34,,
1235,1973-12-01,46.2,6.74,94.78,3.38,,
1236,1974-01-01,46.6,6.99,96.11,3.4,,
1237,1974-02-01,47.2,6.96,93.45,3.42,,
1238,1974-03-01,47.8,7.21,97.44,3.44,,
1239,1974-04-01,48.0,7.51,92.46,3.46,,
1240,1974-05-01,48.6,7.58,89.67,3.48,,
1241,1974-06-01,49.0,7.54,89.79,3.5,,
1242,1974-07-01,49.4,7.81,79.31,3.53,,
1243,1974-08-01,50.0,8.04,76.03,3.56,,
1244,1974-09-01,50.6,8.04,68.12,3.59,,
1245,1974-10-01,51.1,7.9,69.44,3.59,,
1246,1974-11-01,51.5,7.68,71.74,3.6,,
1247,1974-12-01,51.9,7.43,67.07,3.6,,
1248,1975-01-01,52.1,7.5,72.56,3.62,,
1249,1975-02-01,52.5,7.39,80.1,3.65,,
1250,1975-03-01,52.7,7.73,83.78,3.67,,
1251,1975-04-01,52.9,8.23,84.72,3.68,,
1252,1975-05-01,53.2,8.06,90.1,3.7,,
1253,1975-06-01,53.6,7.86,92.4,3.71,,
1254,1975-07-01,54.2,8.06,92.49,3.71,,
1255,1975-08-01,54.3,8.4,85.71,3.71,,
1256,1975-09-01,54.6,8.43,84.67,3.71,,
1257,1975-10-01,54.9,8.14,88.57,3.7,,
1258,1975-11-01,55.3,8.05,90.07,3.69,,
1259,1975-12-01,55.5,8.0,88.7,3.68,,
1260,1976-01-01,55.6,7.74,96.86,3.68,,
1261,1976-02-01,55.8,7.79,100.6,3.69,,
1262,1976-03-01,55.9,7.73,101.1,3.69,,
1263,1976-04-01,56.1,7.56,101.9,3.71,,
1264,1976-05-01,56.5,7.9,101.2,3.74,,
1265,1976-06-01,56.8,7.86,101.8,3.76,,
1266,1976-07-01,57.1,7.83,104.2,3.79,,
1267,1976-08-01,57.4,7.77,103.3,3.82,,
1268,1976-09-01,57.6,7.59,105.5,3.85,,
1269,1976-10-01,57.9,7.41,101.9,3.92,,
1270,1976-11-01,58.0,7.29,101.2,3.98,,
1271,1976-12-01,58.2,6.87,104.7,4.05,,
1272,1977-01-01,58.5,7.21,103.8,4.1,,
1273,1977-02-01,59.1,7.39,101.0,4.14,,
1274,1977-03-01,59.5,7.46,100.6,4.19,,
1275,1977-04-01,60.0,7.37,99.05,4.25,,
1276,1977-05-01,60.3,7.46,98.76,4.3,,
1277,1977-06-01,60.7,7.28,99.29,4.36,,
1278,1977-07-01,61.0,7.33,100.2,4.41,,
1279,1977-08-01,61.2,7.4,97.75,4.45,,
1280,1977-09-01,61.4,7.34,96.23,4.5,,
1281,1977-10-01,61.6,7.52,93.74,4.56,,
1282,1977-11-01,61.9,7.58,94.28,4.61,,
1283,1977-12-01,62.1,7.69,93.82,4.67,,
1284,1978-01-01,62.5,7.96,90.25,4.71,,
1285,1978-02-01,62.9,8.03,88.98,4.76,,
1286,1978-03-01,63.4,8.04,88.82,4.8,,
1287,1978-04-01,63.9,8.15,92.71,4.84,,
1288,1978-05-01,64.5,8.35,97.41,4.87,,
1289,1978-06-01,65.2,8.46,97.66,4.91,,
1290,1978-07-01,65.7,8.64,97.19,4.95,,
1291,1978-08-01,66.0,8.41,103.9,4.98,,
1292,1978-09-01,66.5,8.42,103.9,5.02,,
1293,1978-10-01,67.1,8.64,100.6,5.04,,
1294,1978-11-01,67.4,8.81,94.71,5.05,,
1295,1978-12-01,67.7,9.01,96.11,5.07,,
1296,1979-01-01,68.3,9.1,99.71,5.11,,
1297,1979-02-01,69.1,9.1,98.23,5.16,,
1298,1979-03-01,69.8,9.12,100.1,5.2,,
1299,1979-04-01,70.6,9.18,102.1,5.25,,
1300,1979-05-01,71.5,9.25,99.73,5.29,,
1301,1979-06-01,72.3,8.91,101.7,5.34,,
1302,1979-07-01,73.1,8.95,102.7,5.4,,
1303,1979-08-01,73.8,9.03,107.4,5.45,,
1304,1979-09-01,74.6,9.33,108.6,5.51,,
1305,1979-10-01,75.2,10.3,104.5,5.56,,
1306,1979-11-01,75.9,10.65,103.7,5.6,,
1307,1979-12-01,76.7,10.39,107.8,5.65,,
1308,1980-01-01,77.8,10.8,110.9,5.7,,
1309,1980-02-01,78.9,12.41,115.3,5.75,,
1310,1980-03-01,80.1,12.75,104.7,5.8,,
1311,1980-04-01,81.0,11.47,103.0,5.85,,
1312,1980-05-01,81.8,10.18,107.7,5.89,,
1313,1980-06-01,82.7,9.78,114.6,5.94,,
1314,1980-07-01,82.7,10.25,119.8,5.98,,
1315,1980-08-01,83.3,11.1,123.5,6.03,,
1316,1980-09-01,84.0,11.51,126.5,6.07,,
1317,1980-10-01,84.8,11.75,130.2,6.1,,
1318,1980-11-01,85.5,12.68,135.7,6.13,,
1319,1980-12-01,86.3,12.84,133.5,6.16,,
1320,1981-01-01,87.0,12.57,133.0,6.2,,
1321,1981-02-01,87.9,13.19,128.4,6.24,,
1322,1981-03-01,88.5,13.12,133.2,6.28,,
1323,1981-04-01,89.1,13.68,134.4,6.32,,
1324,1981-05-01,89.8,14.1,131.7,6.35,,
1325,1981-06-01,90.6,13.47,132.3,6.39,,
1326,1981-07-01,91.6,14.28,129.1,6.43,,
1327,1981-08-01,92.3,14.94,129.6,6.48,,
1328,1981-09-01,93.2,15.32,118.3,6.52,,
1329,1981-10-01,93.4,15.15,119.8,6.56,,
1330,1981-11-01,93.7,13.39,122.9,6.59,,
1331,1981-12-01,94.0,13.72,123.8,6.63,,
1332,1982-01-01,94.3,14.59,117.3,6.66,,
1333,1982-02-01,94.6,14.43,114.5,6.69,,
1334,1982-03-01,94.5,13.86,110.8,6.72,,
1335,1982-04-01,94.9,13.87,116.3,6.75,,
1336,1982-05-01,95.8,13.62,116.4,6.78,,
1337,1982-06-01,97.0,14.3,109.7,6.81,,
1338,1982-07-01,97.5,13.95,109.4,6.82,,
1339,1982-08-01,97.7,13.06,109.7,6.84,,
1340,1982-09-01,97.9,12.34,122.4,6.85,,
1341,1982-10-01,98.2,10.91,132.7,6.86,,
1342,1982-11-01,98.0,10.55,138.1,6.86,,
1343,1982-12-01,97.6,10.54,139.4,6.87,,
1344,1983-01-01,97.8,10.46,144.3,6.88,,
1345,1983-02-01,97.9,10.72,146.8,6.9,,
1346,1983-03-01,97.9,10.51,151.9,6.91,,
1347,1983-04-01,98.6,10.4,157.7,6.92,,
1348,1983-05-01,99.2,10.38,164.1,6.93,,
1349,1983-06-01,99.5,10.85,166.4,6.94,,
1350,1983-07-01,99.9,11.38,167.0,6.96,,
1351,1983-08-01,100.2,11.85,162.4,6.98,,
1352,1983-09-01,100.7,11.65,167.2,7.0,,
1353,1983-10-01,101.0,11.54,167.7,7.03,,
1354,1983-11-01,101.2,11.69,165.2,7.06,,
1355,1983-12-01,101.3,11.83,164.4,7.09,,
1356,1984-01-01,101.9,11.67,166.4,7.12,,
1357,1984-02-01,102.4,11.84,157.3,7.15,,
1358,1984-03-01,102.6,12.32,157.4,7.18,,
1359,1984-04-01,103.1,12.63,157.6,7.22,,
1360,1984-05-01,103.4,13.41,156.6,7.27,,
1361,1984-06-01,103.7,13.56,153.1,7.31,,
1362,1984-07-01,104.1,13.36,151.1,7.33,,
1363,1984-08-01,104.5,12.72,164.4,7.36,,
1364,1984-09-01,105.0,12.52,166.1,7.38,,
1365,1984-10-01,105.3,12.16,164.8,7.43,,
1366,1984-11-01,105.3,11.57,166.3,7.48,,
1367,1984-12-01,105.3,11.5,164.5,7.53,,
1368,1985-01-01,105.5,11.38,171.6,7.57,,
1369,1985-02-01,106.0,11.51,180.9,7.62,,
1370,1985-03-01,106.4,11.86,179.4,7.66,,
1371,1985-04-01,106.9,11.43,180.6,7.69,,
1372,1985-05-01,107.3,10.85,184.9,7.71,,
1373,1985-06-01,107.6,10.16,188.9,7.74,,
1374,1985-07-01,107.8,10.31,192.5,7.77,,
1375,1985-08-01,108.0,10.33,188.3,7.81,,
1376,1985-09-01,108.3,10.37,184.1,7.84,,
1377,1985-10-01,108.7,10.24,186.2,7.86,,
1378,1985-11-01,109.0,9.78,197.5,7.88,,
1379,1985-12-01,109.3,9.26,207.3,7.9,,
1380,1986-01-01,109.6,9.19,208.2,7.94,,
1381,1986-02-01,109.3,8.7,219.4,7.98,,
1382,1986-03-01,108.8,7.78,232.3,8.02,,
1383,1986-04-01,108.6,7.3,238.0,8.05,,
1384,1986-05-01,108.9,7.71,238.5,8.07,,
1385,1986-06-01,109.5,7.8,245.3,8.1,,
1386,1986-07-01,109.5,7.3,240.2,8.14,,
1387,1986-08-01,109.7,7.17,245.0,8.19,,
1388,1986-09-01,110.2,7.45,238.3,8.23,,
1389,1986-10-01,110.3,7.43,237.4,8.25,,
1390,1986-11-01,110.4,7.25,245.1,8.26,,
1391,1986-12-01,110.5,7.11,248.6,8.28,9.94,
1392,1987-01-01,111.2,7.08,264.5,8.3,10.0,
1393,1987-02-01,111.6,7.25,280.9,8.32,9.99,
1394,1987-03-01,112.1,7.25,292.5,8.34,9.86,
1395,1987-04-01,112.7,8.02,289.3,8.4,9.47,
1396,1987-05-01,113.1,8.61,289.1,8.46,9.36,
1397,1987-06-01,113.5,8.4,301.4,8.52,9.42,
1398,1987-07-01,113.8,8.45,310.1,8.57,9.34,
1399,1987-08-01,114.4,8.76,329.4,8.61,9.2,
1400,1987-09-01,115.0,9.42,318.7,8.66,8.92,
1401,1987-10-01,115.3,9.52,280.2,8.71,9.16,
1402,1987-11-01,115.4,8.86,245.0,8.76,9.16,
1403,1987-12-01,115.4,8.99,241.0,8.81,9.2,0.805
1404,1988-01-01,115.7,8.67,250.5,8.86,9.45,0.8382149999999998
1405,1988-02-01,116.0,8.21,258.1,8.9,9.5,0.8360000000000001
1406,1988-03-01,116.5,8.37,265.7,8.95,9.32,0.841596
1407,1988-04-01,117.1,8.72,262.6,9.04,9.2,0.8344400000000001
1408,1988-05-01,117.5,9.09,256.1,9.14,9.05,0.8244549999999999
1409,1988-06-01,118.0,8.92,270.7,9.23,9.22,0.824268
1410,1988-07-01,118.5,9.06,269.1,9.31,9.11,0.8199
1411,1988-08-01,119.0,9.26,263.7,9.38,9.06,0.8172119999999999
1412,1988-09-01,119.8,8.98,268.0,9.46,9.19,0.812396
1413,1988-10-01,120.2,8.8,277.4,9.55,9.26,0.8074720000000001
1414,1988-11-01,120.3,8.96,271.0,9.64,9.11,0.814434
1415,1988-12-01,120.5,9.11,276.5,9.75,9.05,0.7737750000000001
1416,1989-01-01,121.1,9.09,285.4,9.81,9.1,0.80262
1417,1989-02-01,121.6,9.17,294.0,9.9,8.97,0.8144760000000001
1418,1989-03-01,122.3,9.36,292.7,10.01,8.93,0.8054859999999999
1419,1989-04-01,123.1,9.18,302.3,10.09,9.04,0.803656
1420,1989-05-01,123.8,8.86,313.9,10.19,9.2,0.8105199999999999
1421,1989-06-01,124.1,8.28,323.7,10.37,9.4,0.80652
1422,1989-07-01,124.4,8.02,331.9,10.42,9.54,0.8051759999999999
1423,1989-08-01,124.6,8.11,346.6,10.55,9.32,0.8061800000000001
1424,1989-09-01,125.0,8.19,347.3,10.73,9.3,0.8025900000000001
1425,1989-10-01,125.6,8.01,347.4,10.8,9.47,0.797374
1426,1989-11-01,125.9,7.87,340.2,10.92,9.47,0.798321
1427,1989-12-01,126.1,7.84,348.6,11.06,9.44,0.768416
1428,1990-01-01,127.4,8.21,339.97,11.14,9.23,0.801164
1429,1990-02-01,128.0,8.47,330.45,11.23,9.2,0.7626799999999999
1430,1990-03-01,128.7,8.59,338.46,11.32,9.14,0.764104
1431,1990-04-01,128.9,8.79,338.18,11.44,8.99,0.761453
1432,1990-05-01,129.2,8.76,350.25,11.55,9.18,0.7601039999999999
1433,1990-06-01,129.9,8.48,360.39,11.66,9.26,0.762098
1434,1990-07-01,130.4,8.47,360.03,11.73,9.31,0.761558
1435,1990-08-01,131.6,8.75,330.75,11.78,9.13,0.764181
1436,1990-09-01,132.7,8.89,315.41,11.83,9.13,0.770572
1437,1990-10-01,133.5,8.72,307.12,11.93,9.2,0.76544
1438,1990-11-01,133.8,8.39,315.29,12.01,9.34,0.7658799999999999
1439,1990-12-01,133.8,8.08,328.75,12.09,9.41,0.764092
1440,1991-01-01,134.6,8.09,325.49,12.11,9.45,0.7607250000000001
1441,1991-02-01,134.8,7.85,362.26,12.11,9.46,0.7936940000000001
1442,1991-03-01,135.0,8.11,372.28,12.11,9.46,0.791802
1443,1991-04-01,135.2,8.04,379.68,12.13,9.49,0.7886190000000001
1444,1991-05-01,135.6,8.07,377.99,12.14,9.49,0.7848229999999999
1445,1991-06-01,136.0,8.28,378.29,12.15,9.42,0.7828020000000001
1446,1991-07-01,136.2,8.27,380.23,12.19,9.48,0.7792560000000001
1447,1991-08-01,136.6,7.9,389.4,12.24,9.61,0.776488
1448,1991-09-01,137.2,7.65,387.2,12.28,9.74,0.7743300000000001
1449,1991-10-01,137.4,7.53,386.88,12.25,9.77,0.77183
1450,1991-11-01,137.8,7.42,385.92,12.23,9.78,0.7687080000000001
1451,1991-12-01,137.9,7.09,388.51,12.2,9.99,0.766233
1452,1992-01-01,138.1,7.03,416.08,12.24,9.78,0.76284
1453,1992-02-01,138.6,7.34,412.56,12.28,9.78,0.7589279999999999
1454,1992-03-01,139.3,7.54,407.36,12.32,9.67,0.755227
1455,1992-04-01,139.5,7.48,407.41,12.32,9.68,0.7502
1456,1992-05-01,139.7,7.39,414.81,12.32,9.8,0.74382
1457,1992-06-01,140.2,7.26,408.27,12.32,9.87,0.739263
1458,1992-07-01,140.5,6.84,415.05,12.34,10.0,0.733
1459,1992-08-01,140.9,6.59,417.93,12.37,10.04,0.7278999999999999
1460,1992-09-01,141.3,6.42,418.48,12.4,10.11,0.720843
1461,1992-10-01,141.8,6.59,412.5,12.39,9.93,0.7139669999999999
1462,1992-11-01,142.0,6.87,422.84,12.38,9.79,0.707817
1463,1992-12-01,141.9,6.77,435.64,12.39,9.88,0.699504
1464,1993-01-01,142.6,6.6,435.23,12.41,9.99,0.6943050000000001
1465,1993-02-01,143.1,6.26,441.7,12.45,10.13,0.6898529999999999
1466,1993-03-01,143.6,5.98,450.16,12.48,10.11,0.686469
1467,1993-04-01,144.0,5.97,443.08,12.49,10.13,0.682762
1468,1993-05-01,144.2,6.04,445.25,12.51,10.09,0.6790570000000001
1469,1993-06-01,144.4,5.96,448.06,12.52,10.22,0.6714540000000001
1470,1993-07-01,144.4,5.81,447.29,12.52,10.23,0.66495
1471,1993-08-01,144.8,5.68,454.13,12.52,10.35,0.6592950000000001
1472,1993-09-01,145.1,5.36,459.24,12.52,10.34,0.654522
1473,1993-10-01,145.7,5.33,463.9,12.54,10.32,0.649128
1474,1993-11-01,145.8,5.72,462.89,12.56,10.17,0.6437609999999999
1475,1993-12-01,145.8,5.77,465.95,12.58,10.06,0.63881
1476,1994-01-01,146.2,5.75,472.99,12.62,10.15,0.632345
1477,1994-02-01,146.7,5.97,471.58,12.67,9.92,0.62496
1478,1994-03-01,147.2,6.48,463.81,12.71,9.64,0.617924
1479,1994-04-01,147.4,6.97,447.23,12.75,9.51,0.612444
1480,1994-05-01,147.5,7.18,450.9,12.8,9.46,0.608278
1481,1994-06-01,148.0,7.1,454.83,12.84,9.39,0.609411
1482,1994-07-01,148.4,7.3,451.4,12.87,9.51,0.6105419999999999
1483,1994-08-01,149.0,7.24,464.24,12.9,9.47,0.611762
1484,1994-09-01,149.4,7.46,466.96,12.92,9.28,0.6134080000000001
1485,1994-10-01,149.5,7.74,463.81,13.01,9.22,0.614974
1486,1994-11-01,149.7,7.96,461.01,13.1,9.15,0.61854
1487,1994-12-01,149.7,7.81,455.19,13.17,9.17,0.622643
1488,1995-01-01,150.3,7.78,465.25,13.18,9.29,0.626146
1489,1995-02-01,150.9,7.47,481.92,13.18,9.44,0.629648
1490,1995-03-01,151.4,7.2,493.15,13.17,9.45,0.63315
1491,1995-04-01,151.9,7.06,507.91,13.24,9.52,0.636888
1492,1995-05-01,152.2,6.63,523.81,13.31,9.84,0.642552
1493,1995-06-01,152.5,6.17,539.35,13.36,9.85,0.6451749999999999
1494,1995-07-01,152.5,6.28,557.37,13.44,9.77,0.646774
1495,1995-08-01,152.9,6.49,559.11,13.51,9.83,0.6477970000000001
1496,1995-09-01,153.2,6.2,578.77,13.58,9.87,0.6474719999999999
1497,1995-10-01,153.7,6.04,582.92,13.65,9.96,0.6483960000000001
1498,1995-11-01,153.6,5.93,595.53,13.72,10.05,0.64923
1499,1995-12-01,153.5,5.71,614.57,13.79,10.14,0.6499739999999999
1500,1996-01-01,154.4,5.65,614.42,13.89,10.15,0.6496000000000001
1501,1996-02-01,154.9,5.81,649.54,14.0,9.92,0.648768
1502,1996-03-01,155.7,6.27,647.07,14.1,9.79,0.6490769999999999
1503,1996-04-01,156.3,6.51,647.17,14.16,9.69,0.6472919999999999
1504,1996-05-01,156.6,6.74,661.23,14.21,9.62,0.643578
1505,1996-06-01,156.7,6.91,668.5,14.27,9.69,0.642447
1506,1996-07-01,157.0,6.87,644.07,14.4,9.66,0.641424
1507,1996-08-01,157.3,6.64,662.68,14.53,9.59,0.640612
1508,1996-09-01,157.8,6.83,674.88,14.66,9.7,0.6402
1509,1996-10-01,158.3,6.53,701.46,14.74,9.86,0.639914
1510,1996-11-01,158.6,6.2,735.67,14.82,9.98,0.639718
1511,1996-12-01,158.6,6.3,743.25,14.9,9.84,0.6405839999999999
1512,1997-01-01,159.1,6.58,766.22,14.95,9.81,0.6405930000000001
1513,1997-02-01,159.6,6.42,798.39,15.01,9.77,0.6409119999999998
1514,1997-03-01,160.0,6.69,792.16,15.06,9.62,0.641654
1515,1997-04-01,160.2,6.89,763.93,15.09,9.71,0.6428020000000001
1516,1997-05-01,160.1,6.71,833.09,15.13,9.74,0.644788
1517,1997-06-01,160.3,6.49,876.29,15.16,9.8,0.6448400000000001
1518,1997-07-01,160.5,6.22,925.29,15.22,10.02,0.64629
1519,1997-08-01,160.8,6.3,927.24,15.27,9.88,0.6461520000000001
1520,1997-09-01,161.2,6.21,937.02,15.33,9.97,0.6460560000000001
1521,1997-10-01,161.6,6.03,951.16,15.39,10.06,0.645852
1522,1997-11-01,161.5,5.88,938.92,15.44,10.04,0.6455719999999999
1523,1997-12-01,161.3,5.81,962.37,15.5,10.09,0.644751
1524,1998-01-01,161.6,5.54,963.36,15.55,10.17,0.6437609999999999
1525,1998-02-01,161.9,5.57,1023.74,15.6,10.11,0.642996
1526,1998-03-01,162.2,5.65,1076.83,15.64,10.09,0.641724
1527,1998-04-01,162.5,5.64,1112.2,15.75,10.09,0.639706
1528,1998-05-01,162.8,5.65,1108.42,15.85,10.14,0.6378060000000001
1529,1998-06-01,163.0,5.5,1108.39,15.95,10.17,0.6366419999999999
1530,1998-07-01,163.2,5.46,1156.58,16.02,10.14,0.634764
1531,1998-08-01,163.4,5.34,1074.62,16.08,10.28,0.6332479999999999
1532,1998-09-01,163.6,4.81,1020.64,16.14,10.43,0.631015
1533,1998-10-01,164.0,4.53,1032.47,16.17,10.32,0.62952
1534,1998-11-01,164.0,4.83,1144.43,16.18,10.32,0.626424
1535,1998-12-01,163.9,4.65,1190.05,16.2,10.27,0.624416
1536,1999-01-01,164.3,4.72,1248.77,16.28,10.3,0.62212
1537,1999-02-01,164.5,5.0,1246.58,16.37,10.07,0.6203120000000001
1538,1999-03-01,165.0,5.23,1281.66,16.45,10.06,0.6186900000000001
1539,1999-04-01,166.2,5.18,1334.76,16.45,10.05,0.61707
1540,1999-05-01,166.2,5.54,1332.07,16.45,9.91,0.615411
1541,1999-06-01,166.2,5.9,1322.55,16.45,9.81,0.6150869999999999
1542,1999-07-01,166.7,5.79,1380.99,16.51,9.72,0.613332
1543,1999-08-01,167.1,5.94,1327.49,16.58,9.66,0.6134099999999999
1544,1999-09-01,167.9,5.92,1318.17,16.64,9.73,0.61299
1545,1999-10-01,168.2,6.11,1300.01,16.66,9.71,0.6136720000000001
1546,1999-11-01,168.3,6.03,1391.0,16.67,9.66,0.615342
1547,1999-12-01,168.3,6.28,1428.68,16.69,9.56,0.617576
1548,2000-01-01,168.8,6.66,1425.59,16.71,9.49,0.619697
1549,2000-02-01,169.8,6.52,1388.87,16.74,9.55,0.62266
1550,2000-03-01,171.2,6.26,1442.21,16.76,9.63,0.6249870000000001
1551,2000-04-01,171.3,5.99,1461.36,16.74,9.53,0.6280269999999999
1552,2000-05-01,171.5,6.44,1418.48,16.72,9.46,0.630982
1553,2000-06-01,172.4,6.1,1461.96,16.7,9.61,0.633299
1554,2000-07-01,172.8,6.05,1473.0,16.58,9.64,0.63624
1555,2000-08-01,172.8,5.83,1485.46,16.47,9.72,0.6386040000000001
1556,2000-09-01,173.7,5.8,1468.05,16.35,9.74,0.640892
1557,2000-10-01,174.0,5.74,1390.14,16.32,9.74,0.643814
1558,2000-11-01,174.1,5.72,1378.04,16.3,9.84,0.645504
1559,2000-12-01,174.0,5.24,1330.93,16.27,9.96,0.6474000000000001
1560,2001-01-01,175.1,5.16,1335.63,16.17,10.08,0.6501600000000001
1561,2001-02-01,175.8,5.1,1305.75,16.07,10.12,0.649704
1562,2001-03-01,176.2,4.89,1185.85,15.97,10.12,0.6507159999999999
1563,2001-04-01,176.9,5.14,1189.84,15.88,10.02,0.6502979999999999
1564,2001-05-01,177.7,5.39,1270.37,15.78,10.04,0.6495879999999999
1565,2001-06-01,178.0,5.28,1238.71,15.69,10.04,0.6485839999999999
1566,2001-07-01,177.5,5.24,1204.45,15.71,10.21,0.648335
1567,2001-08-01,177.5,4.97,1178.5,15.72,10.27,0.64701
1568,2001-09-01,178.3,4.73,1044.64,15.74,10.31,0.644375
1569,2001-10-01,177.7,4.57,1076.59,15.74,10.45,0.6416299999999999
1570,2001-11-01,177.4,4.65,1129.68,15.74,10.26,0.637146
1571,2001-12-01,176.7,5.09,1144.93,15.74,10.15,0.632345
1572,2002-01-01,177.1,5.04,1140.21,15.74,10.17,0.626472
1573,2002-02-01,177.8,4.91,1100.67,15.73,10.21,0.621789
1574,2002-03-01,178.8,5.28,1153.79,15.73,10.0,0.617
1575,2002-04-01,179.8,5.21,1111.93,15.83,10.12,0.6132719999999999
1576,2002-05-01,179.8,5.16,1079.25,15.94,10.15,0.61103
1577,2002-06-01,179.9,4.93,1014.02,16.04,10.13,0.6078
1578,2002-07-01,180.1,4.65,903.59,15.96,10.13,0.602735
1579,2002-08-01,180.7,4.26,912.55,15.88,10.25,0.597575
1580,2002-09-01,181.0,3.87,867.81,15.8,10.36,0.5925919999999999
1581,2002-10-01,181.3,3.94,854.63,15.89,10.25,0.587325
1582,2002-11-01,181.3,4.05,909.93,15.98,10.21,0.579928
1583,2002-12-01,180.9,4.03,899.18,16.07,10.38,0.5709000000000001
1584,2003-01-01,181.7,4.05,895.84,16.12,10.34,0.5655979999999999
1585,2003-02-01,183.1,3.9,837.03,16.17,10.44,0.561672
1586,2003-03-01,184.2,3.81,846.63,16.22,10.38,0.558444
1587,2003-04-01,183.8,3.96,890.03,16.2,10.43,0.549661
1588,2003-05-01,183.5,3.57,935.96,16.19,10.58,0.538522
1589,2003-06-01,183.7,3.33,988.0,16.17,10.52,0.534416
1590,2003-07-01,183.9,3.98,992.54,16.31,10.13,0.524734
1591,2003-08-01,184.6,4.45,989.53,16.45,10.17,0.49833000000000005
1592,2003-09-01,185.2,4.27,1019.44,16.59,10.41,0.48718799999999995
1593,2003-10-01,185.0,4.29,1038.73,16.86,10.27,0.48063599999999995
1594,2003-11-01,184.5,4.3,1049.9,17.12,10.26,0.47606399999999993
1595,2003-12-01,184.3,4.27,1080.64,17.39,10.31,0.4752910000000001
1596,2004-01-01,185.2,4.15,1132.52,17.6,10.36,0.4682719999999999
1597,2004-02-01,186.2,4.08,1143.36,17.81,10.43,0.46309200000000006
1598,2004-03-01,187.4,3.83,1123.98,18.02,10.46,0.453964
1599,2004-04-01,188.0,4.35,1133.36,18.21,10.15,0.45066
1600,2004-05-01,189.1,4.72,1102.78,18.41,10.07,0.44710800000000006
1601,2004-06-01,189.7,4.73,1132.76,18.6,10.09,0.43790599999999996
1602,2004-07-01,189.4,4.5,1105.85,18.79,10.15,0.43645
1603,2004-08-01,189.5,4.28,1088.94,18.97,10.31,0.45157800000000003
1604,2004-09-01,189.9,4.13,1117.66,19.16,10.29,0.45276000000000005
1605,2004-10-01,190.9,4.1,1117.21,19.25,10.34,0.44978999999999997
1606,2004-11-01,191.0,4.19,1168.94,19.35,10.22,0.448658
1607,2004-12-01,190.3,4.23,1199.21,19.44,10.27,0.44571799999999995
1608,2005-01-01,190.7,4.22,1181.41,19.7,10.3,0.44393
1609,2005-02-01,191.8,4.17,1199.63,19.97,10.2,0.44267999999999996
1610,2005-03-01,193.3,4.5,1194.9,20.23,10.11,0.442818
1611,2005-04-01,194.6,4.34,1164.43,20.46,10.21,0.443114
1612,2005-05-01,194.4,4.14,1178.28,20.7,10.28,0.444096
1613,2005-06-01,194.5,4.0,1202.25,20.93,10.3,0.44393
1614,2005-07-01,195.4,4.18,1222.24,21.11,10.16,0.44500799999999996
1615,2005-08-01,196.4,4.26,1224.27,21.29,10.26,0.44528399999999996
1616,2005-09-01,198.8,4.2,1225.92,21.47,10.11,0.445851
1617,2005-10-01,199.2,4.46,1191.96,21.72,9.99,0.446553
1618,2005-11-01,197.6,4.54,1237.37,21.97,10.0,0.44800000000000006
1619,2005-12-01,196.8,4.47,1262.07,22.22,10.06,0.449682
1620,2006-01-01,198.3,4.42,1278.73,22.41,10.01,0.451451
1621,2006-02-01,198.7,4.57,1276.65,22.59,10.01,0.453453
1622,2006-03-01,199.8,4.72,1293.74,22.78,9.87,0.45599399999999995
1623,2006-04-01,201.5,4.99,1302.17,23.0,9.81,0.458127
1624,2006-05-01,202.5,5.11,1290.01,23.22,9.76,0.461648
1625,2006-06-01,202.9,5.11,1253.17,23.44,9.73,0.46509400000000006
1626,2006-07-01,203.5,5.09,1260.24,23.66,9.82,0.468414
1627,2006-08-01,203.9,4.88,1287.15,23.88,9.94,0.471156
1628,2006-09-01,202.9,4.72,1317.74,24.1,9.98,0.475048
1629,2006-10-01,201.8,4.73,1363.38,24.36,10.01,0.478478
1630,2006-11-01,201.5,4.6,1388.64,24.62,10.08,0.48182400000000003
1631,2006-12-01,201.8,4.56,1416.42,24.88,9.99,0.484515
1632,2007-01-01,202.42,4.76,1424.16,25.08,9.94,0.48706000000000005
1633,2007-02-01,203.5,4.72,1444.8,25.29,10.05,0.48943500000000006
1634,2007-03-01,205.35,4.56,1406.95,25.49,10.01,0.49149099999999996
1635,2007-04-01,206.69,4.69,1463.64,25.72,10.02,0.4929839999999999
1636,2007-05-01,207.95,4.75,1511.14,25.94,9.9,0.495
1637,2007-06-01,208.35,5.1,1514.19,26.17,9.82,0.49591
1638,2007-07-01,208.3,5.0,1520.71,26.44,9.86,0.49792999999999993
1639,2007-08-01,207.92,4.67,1454.62,26.71,9.95,0.4984949999999999
1640,2007-09-01,208.49,4.52,1497.12,26.98,9.98,0.499998
1641,2007-10-01,208.94,4.53,1539.66,27.23,10.03,0.500497
1642,2007-11-01,210.18,4.15,1463.39,27.48,10.18,0.500856
1643,2007-12-01,210.04,4.1,1479.22,27.73,10.16,0.500888
1644,2008-01-01,211.08,3.74,1378.76,27.92,10.29,0.501123
1645,2008-02-01,211.69,3.74,1354.87,28.11,10.27,0.501176
1646,2008-03-01,213.53,3.51,1316.94,28.3,10.26,0.4986360000000001
1647,2008-04-01,214.82,3.68,1370.47,28.44,10.19,0.49727199999999994
1648,2008-05-01,216.63,3.88,1403.22,28.57,10.07,0.494437
1649,2008-06-01,218.81,4.1,1341.25,28.71,10.03,0.49247299999999994
1650,2008-07-01,219.96,4.01,1257.33,28.76,9.99,0.4905090000000001
1651,2008-08-01,219.09,3.89,1281.47,28.8,10.02,0.48797399999999996
1652,2008-09-01,218.78,3.69,1216.95,28.85,9.87,0.4856039999999999
1653,2008-10-01,216.57,3.81,968.8,28.7,9.58,0.482832
1654,2008-11-01,212.43,3.53,883.04,28.54,9.89,0.47966499999999995
1655,2008-12-01,210.23,2.42,877.56,28.39,10.18,0.47642399999999996
1656,2009-01-01,211.14,2.52,865.58,28.01,10.07,0.474297
1657,2009-02-01,212.19,2.87,805.23,27.64,9.99,0.471528
1658,2009-03-01,212.71,2.82,757.13,27.26,10.1,0.46965
1659,2009-04-01,213.24,2.93,848.15,26.7,10.1,0.46662
1660,2009-05-01,213.86,3.29,902.41,26.15,10.15,0.461825
1661,2009-06-01,215.69,3.72,926.12,25.59,10.17,0.45765
1662,2009-07-01,215.35,3.56,935.82,25.03,10.28,0.45232
1663,2009-08-01,215.83,3.59,1009.73,24.46,10.35,0.44712
1664,2009-09-01,215.97,3.4,1044.55,23.9,10.44,0.44056799999999996
1665,2009-10-01,216.18,3.39,1067.66,23.4,10.45,0.433675
1666,2009-11-01,216.33,3.4,1088.07,22.91,10.56,0.42662400000000006
1667,2009-12-01,215.95,3.59,1110.38,22.41,10.35,0.42124500000000004
1668,2010-01-01,216.69,3.73,1123.58,22.24,10.48,0.415008
1669,2010-02-01,216.74,3.69,1089.16,22.07,10.47,0.40832999999999997
1670,2010-03-01,217.63,3.73,1152.05,21.9,10.43,0.40155499999999994
1671,2010-04-01,218.01,3.85,1197.32,21.95,10.51,0.396227
1672,2010-05-01,218.18,3.42,1125.06,21.99,10.57,0.392147
1673,2010-06-01,217.97,3.2,1083.36,22.04,10.71,0.38770200000000005
1674,2010-07-01,218.01,3.01,1079.8,22.14,10.78,0.38269
1675,2010-08-01,218.31,2.7,1087.28,22.25,10.91,0.378577
1676,2010-09-01,218.44,2.65,1122.08,22.35,10.88,0.374272
1677,2010-10-01,218.71,2.54,1171.58,22.48,10.89,0.37026000000000003
1678,2010-11-01,218.8,2.76,1198.89,22.6,10.8,0.36612
1679,2010-12-01,219.18,3.29,1241.53,22.73,10.6,0.36251999999999995
1680,2011-01-01,220.22,3.39,1282.62,22.96,10.58,0.358662
1681,2011-02-01,221.31,3.58,1321.12,23.2,10.57,0.355152
1682,2011-03-01,223.47,3.41,1304.49,23.43,10.54,0.35308999999999996
1683,2011-04-01,224.91,3.46,1331.51,23.73,10.65,0.35145
1684,2011-05-01,225.96,3.17,1338.31,24.04,10.76,0.348624
1685,2011-06-01,225.72,3.0,1287.29,24.34,10.69,0.34635600000000005
1686,2011-07-01,225.92,3.0,1325.19,24.62,10.83,0.344394
1687,2011-08-01,226.54,2.3,1185.31,24.9,10.96,0.343048
1688,2011-09-01,226.89,1.98,1173.88,25.18,11.03,0.34192999999999996
1689,2011-10-01,226.42,2.15,1207.22,25.6,11.02,0.340518
1690,2011-11-01,226.23,2.01,1226.42,26.01,10.96,0.33866399999999997
1691,2011-12-01,225.67,1.98,1243.32,26.43,11.0,0.3366
1692,2012-01-01,226.66,1.97,1300.58,26.74,11.07,0.33431400000000006
1693,2012-02-01,227.66,1.97,1352.49,27.04,11.04,0.33230399999999993
1694,2012-03-01,229.39,2.17,1389.24,27.35,10.94,0.3282
1695,2012-04-01,230.09,2.05,1386.43,27.67,11.04,0.323472
1696,2012-05-01,229.81,1.8,1341.27,28.0,11.12,0.319144
1697,2012-06-01,229.48,1.62,1323.48,28.32,11.1,0.31523999999999996
1698,2012-07-01,229.1,1.53,1359.78,28.74,11.23,0.31107100000000004
1699,2012-08-01,230.38,1.68,1403.45,29.17,11.21,0.306033
1700,2012-09-01,231.41,1.72,1443.42,29.59,11.2,0.30016
1701,2012-10-01,231.32,1.75,1437.82,30.14,11.19,0.295416
1702,2012-11-01,230.22,1.65,1394.51,30.7,11.19,0.28982099999999994
1703,2012-12-01,229.6,1.72,1422.29,31.25,11.09,0.28501299999999996
1704,2013-01-01,230.28,1.91,1480.4,31.54,10.99,0.279146
1705,2013-02-01,232.17,1.98,1512.31,31.82,11.03,0.27464700000000003
1706,2013-03-01,232.77,1.96,1550.83,32.11,11.0,0.2695
1707,2013-04-01,232.53,1.76,1570.7,32.5,11.08,0.26592
1708,2013-05-01,232.94,1.93,1639.84,32.88,10.87,0.261967
1709,2013-06-01,233.5,2.3,1618.77,33.27,10.67,0.258214
1710,2013-07-01,233.6,2.58,1668.68,33.65,10.67,0.255013
1711,2013-08-01,233.88,2.74,1670.09,34.02,10.58,0.25286200000000003
1712,2013-09-01,234.15,2.81,1687.17,34.4,10.66,0.25264200000000003
1713,2013-10-01,233.55,2.62,1720.03,34.6,10.72,0.252992
1714,2013-11-01,233.07,2.72,1783.54,34.79,10.66,0.253708
1715,2013-12-01,233.05,2.9,1807.78,34.99,10.56,0.255552
1716,2014-01-01,233.92,2.86,1822.36,35.4,10.7,0.25787
1717,2014-02-01,234.78,2.71,1817.04,35.82,10.73,0.259666
1718,2014-03-01,236.29,2.72,1863.52,36.23,10.69,0.26083599999999996
1719,2014-04-01,237.07,2.71,1864.26,36.61,10.75,0.263375
1720,2014-05-01,237.9,2.56,1889.77,37.0,10.84,0.26558
1721,2014-06-01,238.34,2.6,1947.09,37.38,10.83,0.26750100000000004
1722,2014-07-01,238.25,2.54,1973.1,37.75,10.78,0.268422
1723,2014-08-01,237.85,2.42,1961.53,38.12,10.88,0.26873600000000003
1724,2014-09-01,238.03,2.53,1993.23,38.49,10.78,0.268422
1725,2014-10-01,237.43,2.3,1937.27,38.81,10.86,0.26607
1726,2014-11-01,236.15,2.33,2044.57,39.12,10.91,0.26511300000000004
1727,2014-12-01,234.81,2.21,2054.27,39.44,10.87,0.263054
1728,2015-01-01,233.71,1.88,2028.18,39.9,11.1,0.26195999999999997
1729,2015-02-01,234.72,1.98,2082.2,40.35,10.96,0.260848
1730,2015-03-01,236.12,2.04,2079.99,40.81,10.98,0.259128
1731,2015-04-01,236.6,1.94,2094.86,41.12,10.92,0.25662
1732,2015-05-01,237.81,2.2,2111.94,41.43,10.85,0.254975
1733,2015-06-01,238.64,2.36,2099.29,41.74,10.72,0.252992
1734,2015-07-01,238.65,2.32,2094.14,42.0,10.78,0.25333
1735,2015-08-01,238.32,2.17,2039.87,42.25,10.72,0.252992
1736,2015-09-01,237.94,2.17,1944.41,42.51,10.78,0.252252
1737,2015-10-01,237.84,2.07,2024.81,42.8,10.76,0.25286000000000003
1738,2015-11-01,237.34,2.26,2080.62,43.1,10.71,0.252756
1739,2015-12-01,236.53,2.24,2054.08,43.39,10.64,0.253232
1740,2016-01-01,236.92,2.09,1918.6,43.55,10.77,0.25417199999999995
1741,2016-02-01,237.11,1.78,1904.42,43.72,10.82,0.255352
1742,2016-03-01,238.13,1.89,2021.95,43.88,10.9,0.25615000000000004
1743,2016-04-01,239.26,1.81,2075.54,44.07,10.92,0.25771199999999994
1744,2016-05-01,240.23,1.81,2065.55,44.27,10.9,0.25833
1745,2016-06-01,241.02,1.64,2083.89,44.46,11.09,0.258397
1746,2016-07-01,240.63,1.5,2148.9,44.65,11.14,0.258448
1747,2016-08-01,240.85,1.56,2170.95,44.84,11.1,0.25751999999999997
1748,2016-09-01,241.43,1.63,2157.69,45.03,11.07,0.256824
1749,2016-10-01,241.73,1.76,2143.02,45.25,10.96,0.256464
1750,2016-11-01,241.35,2.14,2164.99,45.48,10.65,0.2556
1751,2016-12-01,241.43,2.49,2246.63,45.7,10.65,0.254535
1752,2017-01-01,242.84,2.43,2275.12,45.93,10.66,0.253708
1753,2017-02-01,243.6,2.42,2329.91,46.15,10.71,0.252756
1754,2017-03-01,243.8,2.48,2366.82,46.38,10.68,0.253116
1755,2017-04-01,244.52,2.3,2359.31,46.66,10.74,0.25346399999999997
1756,2017-05-01,244.73,2.3,2395.35,46.94,10.79,0.253565
1757,2017-06-01,244.96,2.19,2433.99,47.22,10.77,0.25417199999999995
1758,2017-07-01,244.79,2.32,2454.1,47.54,10.79,0.254644
1759,2017-08-01,245.52,2.21,2456.22,47.85,10.86,0.25521
1760,2017-09-01,246.82,2.2,2492.84,48.17,10.78,0.25656399999999996
1761,2017-10-01,246.66,2.36,2557.0,48.42,10.77,0.25848
1762,2017-11-01,246.67,2.35,2593.61,48.68,10.73,0.259666
1763,2017-12-01,246.52,2.4,2664.34,48.93,10.75,0.26122500000000004
1764,2018-01-01,247.867,2.5765,2753.77,50.669368,10.61,0.262067
1765,2018-02-01,248.991,2.8055,2765.14,48.942978,10.48,0.262
1766,2018-03-01,249.554,2.786,2678.045,49.276028,10.52,0.26299999999999996
1767,2018-04-01,250.546,2.8495,2640.75,48.853875,10.41,0.26441400000000004
1768,2018-05-01,251.588,2.894,2674.115,50.808185,10.45,0.26543
1769,2018-06-01,251.989,2.8745,2718.535,51.108458,10.43,0.267008
1770,2018-07-01,252.006,2.8965,2760.62,51.07147,10.41,0.268578
1771,2018-08-01,252.146,2.9225,2861.345,52.648748,10.44,0.27039599999999997
1772,2018-09-01,252.439,2.9625,2905.47,52.879554,10.36,0.272468
1773,2018-10-01,252.885,3.1225,2819.015,50.74227,10.26,0.274968
1774,2018-11-01,252.038,3.0885,2738.875,52.038625,10.29,0.27680099999999996
1775,2018-12-01,251.233,2.8635,2648.675,51.91403,10.45,0.28006
1776,2019-01-01,251.712,2.6435,2590.53,54.142077,10.53,0.282204
1777,2019-02-01,252.776,2.671,2743.405,57.062824,10.5,0.28454999999999997
1778,2019-03-01,254.202,2.5755,2816.31,55.762938,10.68,0.287292
1779,2019-04-01,255.548,2.4755,2897.23,56.785708,10.66,0.288886
1780,2019-05-01,256.092,2.323,2852.195,54.191705,10.83,0.291327
1781,2019-06-01,256.143,2.056,2846.645,55.5095775,10.93,0.292924
1782,2019-07-01,256.571,2.0235,2975.895,57.732363,10.93,0.294017
1783,2019-08-01,256.558,1.767,2953.39,55.523732,11.21,0.294823
1784,2019-09-01,256.759,1.579,2942.875,57.68035,11.12,0.29467999999999994
1785,2019-10-01,257.346,1.709,3010.625,57.804,11.12,0.293568
1786,2019-11-01,257.208,1.7265,3095.85,59.749905,11.09,0.292776
1787,2019-12-01,256.974,1.876,3187.315,59.284059,11.05,0.290615
1788,2020-01-01,257.971,1.7115,3235.095,59.2022385,11.26,0.289382
1789,2020-02-01,258.678,1.341,3094.94,55.399426,11.43,0.288036
1790,2020-03-01,258.115,0.8825,2779.435,50.02983,11.34,0.28576799999999997
1791,2020-04-01,256.389,0.616,2705.255,60.8682375,11.51,0.283146
1792,2020-05-01,256.394,0.6305,2956.7,63.86472,11.55,0.27951
1793,2020-06-01,257.797,0.66,3069.535,62.618514,11.61,0.275157
1794,2020-07-01,259.101,0.6085,3188.52,61.219584,11.77,0.27071
1795,2020-08-01,259.918,0.626,3394.285,62.7942725,11.63,0.26632700000000004
1796,2020-09-01,260.28,0.6985,3435.22,59.772828,11.62,0.26261199999999996
1797,2020-10-01,260.388,0.7805,3327.915,58.2385125,11.53,0.258272
1798,2020-11-01,260.229,0.849,3458.915,59.493338,11.64,0.25258800000000003
1799,2020-12-01,260.474,0.887,3700.97,61.066005,11.62,0.24750599999999998
1800,2021-01-01,261.582,1.014,3739.425,59.082915,11.51,0.24170999999999998
1801,2021-02-01,263.014,1.2695,3771.16,57.698748,11.32,0.235456
1802,2021-03-01,264.877,1.5985,3907.7,58.22473,11.14,0.22948400000000002
1803,2021-04-01,267.054,1.668,4086.975,60.0785325,11.23,0.223477
1804,2021-05-01,269.195,1.616,4198.045,58.3528255,11.24,0.21917999999999999
1805,2021-06-01,271.696,1.534,4257.01,59.172439,11.31,0.21489
1806,2021-07-01,273.003,1.355,4347.995,59.5675315,11.43,0.21145500000000003
1807,2021-08-01,273.567,1.2675,4464.77,59.827918,11.39,0.208437
1808,2021-09-01,274.31,1.42,4418.17,58.319844,11.27,0.20624099999999998
1809,2021-10-01,276.589,1.5265,4461.27,59.334891,11.25,0.203625
1810,2021-11-01,277.948,1.515,4588.81,61.490054,11.27,0.20173300000000002
1811,2021-12-01,278.802,1.497,4684.5,60.43005,11.22,0.20196000000000003
