,first_date,return_percent
0,1871-01-01,5.891976164420831
1,1871-02-01,5.892496552382487
2,1871-03-01,5.6534207294015815
3,1871-04-01,5.7091838091890335
4,1871-05-01,5.6044983081834365
5,1871-06-01,5.594261699625402
6,1871-07-01,5.541396381549557
7,1871-08-01,5.600061744649754
8,1871-09-01,5.943759207240618
9,1871-10-01,6.236787622158024
10,1871-11-01,6.132898619867078
11,1871-12-01,6.137628067227019
12,1872-01-01,6.031273671601234
13,1872-02-01,6.015905692682488
14,1872-03-01,5.904707350464289
15,1872-04-01,5.7877161977050395
16,1872-05-01,5.82677510405194
17,1872-06-01,5.902040836588629
18,1872-07-01,5.866721877341408
19,1872-08-01,5.939960122172683
20,1872-09-01,5.887891028537662
21,1872-10-01,5.989570429395896
22,1872-11-01,6.015303251004034
23,1872-12-01,5.7993244910018005
24,1873-01-01,5.780574753487744
25,1873-02-01,5.647306671068164
26,1873-03-01,5.492006762809587
27,1873-04-01,5.598003229860993
28,1873-05-01,5.160846946030961
29,1873-06-01,5.028663058789817
30,1873-07-01,4.498444794767709
31,1873-08-01,4.314837409654948
32,1873-09-01,5.030488763986174
33,1873-10-01,5.630128915704735
34,1873-11-01,5.909271447371478
35,1873-12-01,5.259205465873995
36,1874-01-01,4.826101172022068
37,1874-02-01,4.741129653442555
38,1874-03-01,4.957337222409541
39,1874-04-01,5.193076205337976
40,1874-05-01,5.183564384661898
41,1874-06-01,5.187227946361217
42,1874-07-01,5.054749237398104
43,1874-08-01,5.159269718035353
44,1874-09-01,5.1017809121129964
45,1874-10-01,4.918969168116494
46,1874-11-01,4.8691341448691805
47,1874-12-01,4.867599811277312
48,1875-01-01,4.762178800687722
49,1875-02-01,4.699865408194048
50,1875-03-01,4.62028218286481
51,1875-04-01,4.7868810779901905
52,1875-05-01,5.3002118948793475
53,1875-06-01,5.5503706881788295
54,1875-07-01,5.549447467178137
55,1875-08-01,5.523344181572876
56,1875-09-01,5.54106169498898
57,1875-10-01,5.51944237963502
58,1875-11-01,5.26262208620123
59,1875-12-01,4.969552242295094
60,1876-01-01,4.766866072284026
61,1876-02-01,4.909195248008769
62,1876-03-01,4.82963172705364
63,1876-04-01,5.078600636305297
64,1876-05-01,5.2654665496602915
65,1876-06-01,5.2375632707927
66,1876-07-01,4.9481266470313034
67,1876-08-01,4.781577809876114
68,1876-09-01,5.282149887649856
69,1876-10-01,5.390965511769186
70,1876-11-01,5.828359462917909
71,1876-12-01,5.69239104549919
72,1877-01-01,5.712136011523072
73,1877-02-01,5.971925179466719
74,1877-03-01,6.246532231042878
75,1877-04-01,6.470147892791367
76,1877-05-01,6.525233878054482
77,1877-06-01,7.171316424707852
78,1877-07-01,7.182084494583352
79,1877-08-01,7.104188515138032
80,1877-09-01,6.961402300336483
81,1877-10-01,6.664155873729416
82,1877-11-01,6.558162420367353
83,1877-12-01,6.729970841300936
84,1878-01-01,6.84395309923882
85,1878-02-01,6.93062171207548
86,1878-03-01,6.583358468476352
87,1878-04-01,6.358431185718882
88,1878-05-01,6.697783528851908
89,1878-06-01,6.811578805998564
90,1878-07-01,6.736750235086819
91,1878-08-01,6.918003997207411
92,1878-09-01,6.7436955974568225
93,1878-10-01,6.684420848402217
94,1878-11-01,6.870309363254923
95,1878-12-01,7.252668430625797
96,1879-01-01,7.414143833745701
97,1879-02-01,7.405947993149065
98,1879-03-01,7.5625297680849135
99,1879-04-01,7.46130588117091
100,1879-05-01,7.031459298511433
101,1879-06-01,6.90777442650008
102,1879-07-01,7.002710234104725
103,1879-08-01,7.03397901888414
104,1879-09-01,6.7234998506079835
105,1879-10-01,6.164799246445329
106,1879-11-01,5.993264443964197
107,1879-12-01,5.67140002694444
108,1880-01-01,5.521638942309215
109,1880-02-01,5.506676568766
110,1880-03-01,5.443852908770008
111,1880-04-01,5.628709247075414
112,1880-05-01,5.831661598138882
113,1880-06-01,5.690742257178005
114,1880-07-01,5.484062963897318
115,1880-08-01,5.310500161507892
116,1880-09-01,5.151131756631644
117,1880-10-01,5.193569118780661
118,1880-11-01,5.318943605940629
119,1880-12-01,5.459412131271968
120,1881-01-01,5.282893729852578
121,1881-02-01,5.409208224571982
122,1881-03-01,5.517974599509956
123,1881-04-01,5.947586621460488
124,1881-05-01,5.485062091005055
125,1881-06-01,5.939933138534204
126,1881-07-01,5.796602045826682
127,1881-08-01,5.9203091497953775
128,1881-09-01,5.816411492646667
129,1881-10-01,5.837617462553513
130,1881-11-01,5.903578127799447
131,1881-12-01,6.013960958458098
132,1882-01-01,6.176661175636999
133,1882-02-01,6.309016867222472
134,1882-03-01,6.306284733164902
135,1882-04-01,6.464976948901446
136,1882-05-01,6.558049752726713
137,1882-06-01,6.5780610838944265
138,1882-07-01,6.451860753714445
139,1882-08-01,6.361615895331729
140,1882-09-01,6.289234147798606
141,1882-10-01,6.259861640261621
142,1882-11-01,6.267486171998149
143,1882-12-01,6.162564879723109
144,1883-01-01,6.412720263302996
145,1883-02-01,6.465183547353526
146,1883-03-01,6.186821700683431
147,1883-04-01,5.8512790740083975
148,1883-05-01,5.878934747531761
149,1883-06-01,5.56317401463251
150,1883-07-01,5.450489835846928
151,1883-08-01,5.445106810188793
152,1883-09-01,5.235851976450867
153,1883-10-01,5.210196913458942
154,1883-11-01,5.136747474219505
155,1883-12-01,5.518421719120958
156,1884-01-01,5.711897028680801
157,1884-02-01,5.398753454565264
158,1884-03-01,5.401577776824196
159,1884-04-01,5.7587779217999735
160,1884-05-01,6.103728552989107
161,1884-06-01,6.34902011071925
162,1884-07-01,6.6089281310337755
163,1884-08-01,6.3891884280106614
164,1884-09-01,6.746833967957477
165,1884-10-01,7.220255372368589
166,1884-11-01,7.576207213890096
167,1884-12-01,7.665771917659625
168,1885-01-01,7.850917659191126
169,1885-02-01,7.893430942532942
170,1885-03-01,8.044550139154216
171,1885-04-01,7.975787005659218
172,1885-05-01,7.793553504505257
173,1885-06-01,7.8936215415128075
174,1885-07-01,7.924790686585803
175,1885-08-01,7.774062987359209
176,1885-09-01,7.8173424530179725
177,1885-10-01,7.602495822818556
178,1885-11-01,7.214778068829797
179,1885-12-01,7.415065511487162
180,1886-01-01,7.5404715271276235
181,1886-02-01,7.379456742757173
182,1886-03-01,7.386021401265008
183,1886-04-01,7.369941914730238
184,1886-05-01,7.365658301095035
185,1886-06-01,7.214624249959756
186,1886-07-01,7.068961332359924
187,1886-08-01,7.3504855478480735
188,1886-09-01,7.331716058713944
189,1886-10-01,7.073979571847677
190,1886-11-01,7.0320911394802454
191,1886-12-01,7.153925633914615
192,1887-01-01,7.003466425526028
193,1887-02-01,6.852887776521688
194,1887-03-01,6.234590762093628
195,1887-04-01,6.127767391707195
196,1887-05-01,5.902833036228605
197,1887-06-01,5.907013500932412
198,1887-07-01,6.287923092091563
199,1887-08-01,5.971066600933694
200,1887-09-01,5.940076429536645
201,1887-10-01,5.577653237346691
202,1887-11-01,5.161663714555131
203,1887-12-01,5.465763107303312
204,1888-01-01,5.58191465741309
205,1888-02-01,5.400568927792038
206,1888-03-01,5.859917104930035
207,1888-04-01,6.090184376932495
208,1888-05-01,6.330040039676299
209,1888-06-01,6.518620557365207
210,1888-07-01,6.62095476516249
211,1888-08-01,6.681662216666928
212,1888-09-01,6.467708442560105
213,1888-10-01,6.624776879855143
214,1888-11-01,7.062647644544517
215,1888-12-01,7.287870608976643
216,1889-01-01,7.140809893194078
217,1889-02-01,6.9237603624698
218,1889-03-01,7.144785353886007
219,1889-04-01,7.352597658174753
220,1889-05-01,7.4231632958395855
221,1889-06-01,7.441322721713961
222,1889-07-01,7.6776350303084495
223,1889-08-01,7.687162400788483
224,1889-09-01,7.543055845947588
225,1889-10-01,7.72130636863706
226,1889-11-01,7.725868444210171
227,1889-12-01,7.817470617370437
228,1890-01-01,7.586183996001417
229,1890-02-01,7.461899321509113
230,1890-03-01,7.662786374764696
231,1890-04-01,7.393063486856866
232,1890-05-01,7.130560344711068
233,1890-06-01,6.935414133191586
234,1890-07-01,6.758168849598123
235,1890-08-01,6.954110486635767
236,1890-09-01,7.054131400985386
237,1890-10-01,7.585305606324755
238,1890-11-01,7.950573290853691
239,1890-12-01,7.925088062431396
240,1891-01-01,7.731593945208726
241,1891-02-01,7.76683065843109
242,1891-03-01,7.831375450152045
243,1891-04-01,7.612893176844593
244,1891-05-01,7.7938530189406885
245,1891-06-01,8.032080726307678
246,1891-07-01,8.158833755176031
247,1891-08-01,7.677202018121476
248,1891-09-01,6.964082028278495
249,1891-10-01,7.035205996731797
250,1891-11-01,7.277020856580618
251,1891-12-01,7.144746558039361
252,1892-01-01,7.007625606898693
253,1892-02-01,6.962841140060605
254,1892-03-01,7.069963412500879
255,1892-04-01,7.216921935806098
256,1892-05-01,7.25581577479375
257,1892-06-01,7.304546015839608
258,1892-07-01,7.374066696858894
259,1892-08-01,7.376866977631225
260,1892-09-01,7.539419767629396
261,1892-10-01,7.457770040788891
262,1892-11-01,7.368496705351779
263,1892-12-01,7.242118698335842
264,1893-01-01,7.061133609535575
265,1893-02-01,6.981774783780259
266,1893-03-01,7.087331225662141
267,1893-04-01,7.054427128117302
268,1893-05-01,7.432733639161682
269,1893-06-01,7.439323763759709
270,1893-07-01,8.059924834043542
271,1893-08-01,8.27600188251607
272,1893-09-01,7.973455169219346
273,1893-10-01,7.696002996069695
274,1893-11-01,7.438307177218739
275,1893-12-01,7.625590742683386
276,1894-01-01,7.8903527587190325
277,1894-02-01,7.916243096694964
278,1894-03-01,7.679615455405675
279,1894-04-01,7.455112015010856
280,1894-05-01,7.721436017308236
281,1894-06-01,7.782709666832632
282,1894-07-01,7.620293232211073
283,1894-08-01,7.379465301368748
284,1894-09-01,7.309918169293539
285,1894-10-01,7.526146476240725
286,1894-11-01,7.495167469025854
287,1894-12-01,7.3215689531276995
288,1895-01-01,7.407654195655677
289,1895-02-01,7.441712050837679
290,1895-03-01,7.606963449745874
291,1895-04-01,7.739026890757894
292,1895-05-01,7.372438209356202
293,1895-06-01,7.344032306864934
294,1895-07-01,7.340738861857177
295,1895-08-01,7.4347900172041514
296,1895-09-01,7.60410144082444
297,1895-10-01,8.013951723993262
298,1895-11-01,8.338755523830965
299,1895-12-01,8.677826388679733
300,1896-01-01,8.589446762576225
301,1896-02-01,8.338135278385783
302,1896-03-01,8.438095627050268
303,1896-04-01,8.307466032444077
304,1896-05-01,8.497372444888107
305,1896-06-01,8.675420622290652
306,1896-07-01,9.004023184150189
307,1896-08-01,9.303593474981176
308,1896-09-01,9.256178171194552
309,1896-10-01,9.344253877868592
310,1896-11-01,9.074308545928812
311,1896-12-01,9.061199037484148
312,1897-01-01,8.87907655035345
313,1897-02-01,8.685623306008772
314,1897-03-01,8.866707493773497
315,1897-04-01,8.937114607290875
316,1897-05-01,8.789059916879038
317,1897-06-01,8.69146027048644
318,1897-07-01,8.368144782876374
319,1897-08-01,7.834282048543795
320,1897-09-01,7.3624241422243
321,1897-10-01,7.303806322153905
322,1897-11-01,7.035826860084238
323,1897-12-01,6.771950792828574
324,1898-01-01,6.859108974563677
325,1898-02-01,7.079645558419689
326,1898-03-01,7.238979301012738
327,1898-04-01,7.244525813277214
328,1898-05-01,7.129782153336772
329,1898-06-01,6.972374017089011
330,1898-07-01,7.049229502937759
331,1898-08-01,6.868385069250271
332,1898-09-01,6.882874871523037
333,1898-10-01,7.256855000003948
334,1898-11-01,7.214218984759735
335,1898-12-01,6.832475843178476
336,1899-01-01,6.341784562823505
337,1899-02-01,6.211745748253339
338,1899-03-01,6.308517117307577
339,1899-04-01,6.371921654605361
340,1899-05-01,6.978714068906733
341,1899-06-01,7.270630221315177
342,1899-07-01,7.3032159202297775
343,1899-08-01,6.781276574798567
344,1899-09-01,6.949336626516711
345,1899-10-01,7.264068167757487
346,1899-11-01,7.0061128127084205
347,1899-12-01,7.268421432022443
348,1900-01-01,7.073971273691293
349,1900-02-01,6.587025244460509
350,1900-03-01,6.8997651875093435
351,1900-04-01,6.734892493865985
352,1900-05-01,6.672992971044223
353,1900-06-01,6.759646561837607
354,1900-07-01,6.796198564785638
355,1900-08-01,6.504205049752465
356,1900-09-01,6.817396491474992
357,1900-10-01,6.6588855361450205
358,1900-11-01,6.01142272928421
359,1900-12-01,5.289118814020344
360,1901-01-01,5.287579146728061
361,1901-02-01,5.187422763736804
362,1901-03-01,4.875785271040822
363,1901-04-01,4.4251618418239325
364,1901-05-01,4.856751408198168
365,1901-06-01,3.9836896027259705
366,1901-07-01,4.359468929292265
367,1901-08-01,4.224117035249342
368,1901-09-01,4.35435373726516
369,1901-10-01,4.501091321965678
370,1901-11-01,4.67274466369918
371,1901-12-01,5.007437294934358
372,1902-01-01,4.816805480738728
373,1902-02-01,4.956173943082232
374,1902-03-01,5.141284443964578
375,1902-04-01,5.2178969772522565
376,1902-05-01,5.424886792085304
377,1902-06-01,5.460869849602612
378,1902-07-01,5.419191042347138
379,1902-08-01,5.470089590919036
380,1902-09-01,5.568902961013156
381,1902-10-01,5.859323848716769
382,1902-11-01,5.818752077159295
383,1902-12-01,5.9940210352100065
384,1903-01-01,5.735997983267849
385,1903-02-01,6.047155844732144
386,1903-03-01,6.329226108170416
387,1903-04-01,6.3050172724354425
388,1903-05-01,6.154685916133729
389,1903-06-01,6.303928056745556
390,1903-07-01,6.410931820127952
391,1903-08-01,6.596566183146169
392,1903-09-01,6.732224782386753
393,1903-10-01,6.822160915561937
394,1903-11-01,6.975280239729775
395,1903-12-01,6.978263122039818
396,1904-01-01,6.988726160395942
397,1904-02-01,7.217361485852902
398,1904-03-01,7.125323601628919
399,1904-04-01,6.827384611263354
400,1904-05-01,6.928697203903322
401,1904-06-01,7.068829713811731
402,1904-07-01,7.128812746705981
403,1904-08-01,7.12169998946981
404,1904-09-01,6.829143926138226
405,1904-10-01,6.464458793017158
406,1904-11-01,6.486688364180493
407,1904-12-01,6.768101609117361
408,1905-01-01,6.789414006055727
409,1905-02-01,6.673835884436485
410,1905-03-01,6.384637808391602
411,1905-04-01,6.355821058964994
412,1905-05-01,6.781165640813769
413,1905-06-01,6.859112471393036
414,1905-07-01,6.8784092620731485
415,1905-08-01,6.748956296464659
416,1905-09-01,6.837767937915329
417,1905-10-01,6.940186821807104
418,1905-11-01,7.142298247361745
419,1905-12-01,7.152183246083199
420,1906-01-01,6.972311677781429
421,1906-02-01,7.085833035298261
422,1906-03-01,6.85643135618077
423,1906-04-01,6.750273464933887
424,1906-05-01,6.910566601423174
425,1906-06-01,7.129525899675704
426,1906-07-01,7.50734164484419
427,1906-08-01,7.329835241962157
428,1906-09-01,7.238232534346856
429,1906-10-01,7.280999171270919
430,1906-11-01,7.251636494206282
431,1906-12-01,7.466103024051285
432,1907-01-01,7.505540094225682
433,1907-02-01,7.830343166901588
434,1907-03-01,8.461040275526654
435,1907-04-01,8.536638809935315
436,1907-05-01,8.867204926980943
437,1907-06-01,9.146825717638096
438,1907-07-01,9.086116322388893
439,1907-08-01,9.7514488632094
440,1907-09-01,10.090381959198268
441,1907-10-01,10.6124453606385
442,1907-11-01,11.04854627901226
443,1907-12-01,10.961872859597754
444,1908-01-01,10.686911829035717
445,1908-02-01,10.875320776303932
446,1908-03-01,10.935668710990122
447,1908-04-01,10.958943309582159
448,1908-05-01,10.807363421359128
449,1908-06-01,10.568492989213961
450,1908-07-01,10.446332158338256
451,1908-08-01,10.355917849342934
452,1908-09-01,10.753673144944397
453,1908-10-01,10.771389255594887
454,1908-11-01,10.756089245103473
455,1908-12-01,10.722199836750224
456,1909-01-01,11.02238696932718
457,1909-02-01,11.250755980981108
458,1909-03-01,11.267338414574656
459,1909-04-01,10.979707147938967
460,1909-05-01,10.85271354448234
461,1909-06-01,10.909631896447625
462,1909-07-01,11.331233214919623
463,1909-08-01,11.464474845458428
464,1909-09-01,11.634016830694293
465,1909-10-01,10.98572983757733
466,1909-11-01,9.365108822262268
467,1909-12-01,9.578326892423018
468,1910-01-01,9.691580457309179
469,1910-02-01,10.234974975190614
470,1910-03-01,10.297256221094031
471,1910-04-01,10.7424716658598
472,1910-05-01,10.474412676688338
473,1910-06-01,10.213167813189328
474,1910-07-01,10.399665387099066
475,1910-08-01,10.164307534532991
476,1910-09-01,10.083935578012081
477,1910-10-01,9.067358007750803
478,1910-11-01,8.730833301888019
479,1910-12-01,8.586335234908326
480,1911-01-01,8.528550619040299
481,1911-02-01,8.820943530493475
482,1911-03-01,8.96969181847005
483,1911-04-01,8.444372201112271
484,1911-05-01,7.792035426679456
485,1911-06-01,7.574860214541279
486,1911-07-01,7.77682149261576
487,1911-08-01,7.835231602782233
488,1911-09-01,7.2658739455431665
489,1911-10-01,6.5612849487243
490,1911-11-01,6.485690022642943
491,1911-12-01,5.521240880530076
492,1912-01-01,5.331190144230424
493,1912-02-01,5.308953895854174
494,1912-03-01,5.149046461062379
495,1912-04-01,3.67261488133106
496,1912-05-01,3.068758037502195
497,1912-06-01,2.449800463589491
498,1912-07-01,2.637917547955526
499,1912-08-01,4.385285655340998
500,1912-09-01,4.787667009687158
501,1912-10-01,4.146635936512921
502,1912-11-01,4.201352989004881
503,1912-12-01,4.359188411440429
504,1913-01-01,4.488761830072563
505,1913-02-01,4.031645048198729
506,1913-03-01,4.073344735199846
507,1913-04-01,4.6831039915739
508,1913-05-01,6.137939340516807
509,1913-06-01,7.329684172467665
510,1913-07-01,7.600684503212984
511,1913-08-01,6.946107416852554
512,1913-09-01,6.798967058195782
513,1913-10-01,6.560261843414805
514,1913-11-01,6.860127368696922
515,1913-12-01,7.103079683726121
516,1914-01-01,7.070226934280166
517,1914-02-01,7.384122341462507
518,1914-03-01,7.167148524193201
519,1914-04-01,7.463108783992367
520,1914-05-01,6.8583027675581665
521,1914-06-01,7.034343466741078
522,1914-07-01,7.000779731428675
523,1914-08-01,6.5667830904073465
524,1914-09-01,6.397932048855037
525,1914-10-01,6.573538202267137
526,1914-11-01,6.755577468333374
527,1914-12-01,7.144478827292233
528,1915-01-01,6.940563625926899
529,1915-02-01,6.8533898862083165
530,1915-03-01,6.355988315073335
531,1915-04-01,6.430393274954382
532,1915-05-01,6.93213900840266
533,1915-06-01,7.145247891219242
534,1915-07-01,7.3412845166239915
535,1915-08-01,7.244601114850524
536,1915-09-01,7.127653878428908
537,1915-10-01,7.127026792740332
538,1915-11-01,7.454838193433666
539,1915-12-01,7.567869790196879
540,1916-01-01,7.8170880786116115
541,1916-02-01,8.18402072333624
542,1916-03-01,8.296633605946191
543,1916-04-01,8.439335392877979
544,1916-05-01,8.012326456138585
545,1916-06-01,8.256484520908902
546,1916-07-01,8.52616211824715
547,1916-08-01,8.364590883838186
548,1916-09-01,8.185263594367287
549,1916-10-01,8.450865938506347
550,1916-11-01,8.511973174859587
551,1916-12-01,8.764583051409879
552,1917-01-01,8.916803091452042
553,1917-02-01,9.35494774049368
554,1917-03-01,9.170290851379193
555,1917-04-01,9.006116360440775
556,1917-05-01,8.933874894091298
557,1917-06-01,8.703353808461456
558,1917-07-01,9.014214501782902
559,1917-08-01,8.975599542825673
560,1917-09-01,8.397513903170362
561,1917-10-01,8.02408382531632
562,1917-11-01,8.021752385024072
563,1917-12-01,8.232144340567803
564,1918-01-01,7.934998781057456
565,1918-02-01,7.634536818159865
566,1918-03-01,7.38296238310534
567,1918-04-01,7.312593738306994
568,1918-05-01,7.189253532612461
569,1918-06-01,7.383982767080455
570,1918-07-01,8.099848000502519
571,1918-08-01,7.825527847314273
572,1918-09-01,7.592337139106475
573,1918-10-01,8.087119045729207
574,1918-11-01,7.976105623330532
575,1918-12-01,8.020633265005394
576,1919-01-01,7.85337772420398
577,1919-02-01,7.794906362013965
578,1919-03-01,7.646266956711356
579,1919-04-01,6.892202804976955
580,1919-05-01,6.748477995156543
581,1919-06-01,6.784918126327666
582,1919-07-01,6.535599370581724
583,1919-08-01,6.56971478365147
584,1919-09-01,7.001319486992363
585,1919-10-01,6.957325423060778
586,1919-11-01,7.05099880080664
587,1919-12-01,7.182462945905543
588,1920-01-01,7.085565596664312
589,1920-02-01,7.497383700891236
590,1920-03-01,7.142119805770841
591,1920-04-01,7.386369276991744
592,1920-05-01,6.9812209786599855
593,1920-06-01,6.705663944983664
594,1920-07-01,6.672393708805968
595,1920-08-01,6.716932711650481
596,1920-09-01,6.728796238090351
597,1920-10-01,6.943812323075882
598,1920-11-01,7.351107610304575
599,1920-12-01,7.710660102132483
600,1921-01-01,7.382991630503621
601,1921-02-01,7.089333888712179
602,1921-03-01,7.289238599191172
603,1921-04-01,7.26406403255595
604,1921-05-01,7.0507882218569184
605,1921-06-01,7.760704465542134
606,1921-07-01,7.81205209104876
607,1921-08-01,7.57181674593328
608,1921-09-01,7.44911710390026
609,1921-10-01,7.348866078824412
610,1921-11-01,6.864576276220213
611,1921-12-01,6.436678267390539
612,1922-01-01,6.427727344361878
613,1922-02-01,6.1704837342889896
614,1922-03-01,5.736216617790091
615,1922-04-01,5.389092037892884
616,1922-05-01,5.311874268164929
617,1922-06-01,5.668539946492834
618,1922-07-01,5.570967059463605
619,1922-08-01,5.073014471564541
620,1922-09-01,4.978266680071242
621,1922-10-01,5.4019516114227395
622,1922-11-01,5.776961163962735
623,1922-12-01,5.925079993839932
624,1923-01-01,6.0296812371052555
625,1923-02-01,6.136865028261829
626,1923-03-01,6.283756999868495
627,1923-04-01,6.81972835629705
628,1923-05-01,7.326247809588304
629,1923-06-01,7.6607749438431405
630,1923-07-01,7.680586368631115
631,1923-08-01,7.122274588394073
632,1923-09-01,7.177819636785254
633,1923-10-01,7.373036861692461
634,1923-11-01,7.009827636698152
635,1923-12-01,7.018431435671579
636,1924-01-01,6.884416536181703
637,1924-02-01,6.854261078180102
638,1924-03-01,7.133602994004562
639,1924-04-01,7.333805341160682
640,1924-05-01,7.486229938787581
641,1924-06-01,7.65903324290782
642,1924-07-01,7.287680628480864
643,1924-08-01,6.787099663723928
644,1924-09-01,6.722211497873354
645,1924-10-01,7.076272155491425
646,1924-11-01,6.8146669189339315
647,1924-12-01,6.775000726849578
648,1925-01-01,6.588118400519094
649,1925-02-01,6.741401122165591
650,1925-03-01,6.900435733389365
651,1925-04-01,7.245665120128941
652,1925-05-01,7.314899072953418
653,1925-06-01,7.343132168633804
654,1925-07-01,6.827512581703177
655,1925-08-01,6.539809173478561
656,1925-09-01,6.727950796714444
657,1925-10-01,6.926529320363861
658,1925-11-01,6.998284175249236
659,1925-12-01,7.128484756406794
660,1926-01-01,7.1237126788536775
661,1926-02-01,7.153510125085383
662,1926-03-01,7.375314070515371
663,1926-04-01,7.996169587755797
664,1926-05-01,8.007226327958627
665,1926-06-01,7.758374564034098
666,1926-07-01,7.139272563028443
667,1926-08-01,6.605337865779548
668,1926-09-01,5.671671996421956
669,1926-10-01,5.823152712820612
670,1926-11-01,5.800059377277722
671,1926-12-01,5.960701581068073
672,1927-01-01,5.885995414141765
673,1927-02-01,6.008338302721383
674,1927-03-01,5.726156361714363
675,1927-04-01,5.544102879037749
676,1927-05-01,5.32680581869398
677,1927-06-01,5.469809626754851
678,1927-07-01,5.42726363404209
679,1927-08-01,4.852716568770732
680,1927-09-01,4.439434907633255
681,1927-10-01,4.797384093827839
682,1927-11-01,4.695883250843158
683,1927-12-01,4.626850376737401
684,1928-01-01,4.4014433717761925
685,1928-02-01,4.238474690010063
686,1928-03-01,4.06119612988618
687,1928-04-01,4.260865758531596
688,1928-05-01,4.3991055452412775
689,1928-06-01,4.881044571492632
690,1928-07-01,4.479149341053823
691,1928-08-01,3.977211146797699
692,1928-09-01,3.595916122084475
693,1928-10-01,3.7736982252916773
694,1928-11-01,3.2506466060415073
695,1928-12-01,3.3369034044288926
696,1929-01-01,2.9077465857687557
697,1929-02-01,2.730620950476359
698,1929-03-01,2.7154414365164747
699,1929-04-01,2.869859598739244
700,1929-05-01,2.81294792636797
701,1929-06-01,2.4567193395712783
702,1929-07-01,2.0664481289690784
703,1929-08-01,1.7823529072579003
704,1929-09-01,1.6822791437739903
705,1929-10-01,2.5048620799086763
706,1929-11-01,4.220954414375977
707,1929-12-01,4.302865388133537
708,1930-01-01,4.212908589954445
709,1930-02-01,4.058672843526434
710,1930-03-01,3.942439204039383
711,1930-04-01,3.905447849780419
712,1930-05-01,4.43704640911553
713,1930-06-01,5.0851272082496735
714,1930-07-01,4.59102618824212
715,1930-08-01,4.769089852182629
716,1930-09-01,4.985526344680191
717,1930-10-01,6.067778080020236
718,1930-11-01,6.503779594702386
719,1930-12-01,6.99575282177074
720,1931-01-01,7.085044623896697
721,1931-02-01,6.96737917861856
722,1931-03-01,6.828853389515266
723,1931-04-01,7.551445938689283
724,1931-05-01,8.120611833310054
725,1931-06-01,8.209642128096428
726,1931-07-01,7.914335408713025
727,1931-08-01,8.085626471103758
728,1931-09-01,9.070323656153633
729,1931-10-01,9.857990401240535
730,1931-11-01,9.694644962601862
731,1931-12-01,11.052369740038316
732,1932-01-01,11.189543519302681
733,1932-02-01,11.234174369521677
734,1932-03-01,11.30333552199927
735,1932-04-01,12.82595190743876
736,1932-05-01,13.525291654908568
737,1932-06-01,14.435996033018483
738,1932-07-01,14.146226254335703
739,1932-08-01,11.859640932331118
740,1932-09-01,11.285371163457224
741,1932-10-01,11.995571747535916
742,1932-11-01,12.2904763363908
743,1932-12-01,12.739521636635832
744,1933-01-01,12.432010639340142
745,1933-02-01,13.12953171356661
746,1933-03-01,13.258370458254287
747,1933-04-01,12.462586486350924
748,1933-05-01,11.130372151566025
749,1933-06-01,10.042795117807056
750,1933-07-01,9.54261584095275
751,1933-08-01,9.831074810966589
752,1933-09-01,9.662933144656805
753,1933-10-01,10.362662365392428
754,1933-11-01,10.416564321768007
755,1933-12-01,10.431325595793538
756,1934-01-01,10.15333696396068
757,1934-02-01,9.943427902856072
758,1934-03-01,10.413304087006914
759,1934-04-01,10.58439213915947
760,1934-05-01,11.411087933610386
761,1934-06-01,11.364616195408207
762,1934-07-01,11.68185794325911
763,1934-08-01,11.984706993818751
764,1934-09-01,12.28537058715331
765,1934-10-01,12.342644746178234
766,1934-11-01,12.472157415320284
767,1934-12-01,12.729550201315076
768,1935-01-01,12.715509326339758
769,1935-02-01,13.123579873726875
770,1935-03-01,13.502034587323886
771,1935-04-01,13.345209563222227
772,1935-05-01,12.936417313787341
773,1935-06-01,13.023080371088191
774,1935-07-01,12.957200040581984
775,1935-08-01,12.54017471561868
776,1935-09-01,12.702207294293078
777,1935-10-01,12.248865674341403
778,1935-11-01,12.179733375193758
779,1935-12-01,12.269112223944955
780,1936-01-01,11.716937970355556
781,1936-02-01,11.498060663092712
782,1936-03-01,11.793450878606237
783,1936-04-01,11.903957068672199
784,1936-05-01,12.068570317274174
785,1936-06-01,11.785997011140804
786,1936-07-01,11.580065902534686
787,1936-08-01,11.423681765498749
788,1936-09-01,11.203394676236034
789,1936-10-01,10.830606821050836
790,1936-11-01,10.682345894606904
791,1936-12-01,10.874688927378283
792,1937-01-01,10.494429857791143
793,1937-02-01,10.158493156604486
794,1937-03-01,10.27001145844222
795,1937-04-01,10.760531231966786
796,1937-05-01,11.232191794906221
797,1937-06-01,11.495914165133069
798,1937-07-01,11.126244352738833
799,1937-08-01,10.766977468007898
800,1937-09-01,11.395918433647001
801,1937-10-01,11.859103184977627
802,1937-11-01,12.284496237625731
803,1937-12-01,12.377642328234506
804,1938-01-01,12.258639506864121
805,1938-02-01,12.473035504115227
806,1938-03-01,12.981727579464186
807,1938-04-01,13.258050935358302
808,1938-05-01,13.399620625401765
809,1938-06-01,13.371894062272705
810,1938-07-01,12.410763814314762
811,1938-08-01,12.599881980344051
812,1938-09-01,13.015130622661264
813,1938-10-01,12.632345046942861
814,1938-11-01,12.844286091093494
815,1938-12-01,13.133563324766339
816,1939-01-01,13.348109794857521
817,1939-02-01,13.362938239147315
818,1939-03-01,13.514306111072427
819,1939-04-01,14.35093378797665
820,1939-05-01,14.244873043086926
821,1939-06-01,14.068224486241077
822,1939-07-01,14.056322841100567
823,1939-08-01,14.114525954067192
824,1939-09-01,13.343272685559482
825,1939-10-01,13.264718090276117
826,1939-11-01,13.423388487393195
827,1939-12-01,13.735879336507107
828,1940-01-01,13.58113232366347
829,1940-02-01,13.454284828193263
830,1940-03-01,13.418665676267793
831,1940-04-01,13.407108075147
832,1940-05-01,14.171499843233715
833,1940-06-01,14.824357284670908
834,1940-07-01,14.408600907058222
835,1940-08-01,14.3702132652497
836,1940-09-01,14.00931298471293
837,1940-10-01,13.833410743211584
838,1940-11-01,13.919157890694688
839,1940-12-01,14.272147706080185
840,1941-01-01,14.451752823194042
841,1941-02-01,15.078067064237533
842,1941-03-01,15.227743500163736
843,1941-04-01,15.51685977951962
844,1941-05-01,15.659960082583414
845,1941-06-01,15.32962493986334
846,1941-07-01,14.960389649876271
847,1941-08-01,15.191115285732781
848,1941-09-01,15.181882664034752
849,1941-10-01,15.455756239265227
850,1941-11-01,15.995253903179108
851,1941-12-01,16.390414348578574
852,1942-01-01,15.981995229151291
853,1942-02-01,16.271675398127307
854,1942-03-01,16.591670168986195
855,1942-04-01,16.598022651602594
856,1942-05-01,16.064909991581764
857,1942-06-01,15.060969241727062
858,1942-07-01,14.939533841481612
859,1942-08-01,15.13171407503302
860,1942-09-01,15.086183683517461
861,1942-10-01,14.509685741110822
862,1942-11-01,14.804793484370716
863,1942-12-01,14.970150691444095
864,1943-01-01,14.791100869340879
865,1943-02-01,14.559344364488025
866,1943-03-01,14.338683098135952
867,1943-04-01,14.36510105576312
868,1943-05-01,14.249142438659913
869,1943-06-01,14.15144612535797
870,1943-07-01,13.909831049246346
871,1943-08-01,14.336781211909045
872,1943-09-01,14.431776421569499
873,1943-10-01,14.513054226277578
874,1943-11-01,14.742218854409984
875,1943-12-01,14.741786165579928
876,1944-01-01,14.676228633945998
877,1944-02-01,14.80150334288195
878,1944-03-01,14.753682144349977
879,1944-04-01,14.882054594272986
880,1944-05-01,14.827745239664702
881,1944-06-01,14.549469708172369
882,1944-07-01,14.573392978232791
883,1944-08-01,14.550880667628597
884,1944-09-01,14.804373793496017
885,1944-10-01,14.78276965419889
886,1944-11-01,14.850731059342515
887,1944-12-01,14.59045473971361
888,1945-01-01,14.515577515616362
889,1945-02-01,14.389682332674191
890,1945-03-01,14.407233663693365
891,1945-04-01,14.290960688239807
892,1945-05-01,14.161852592827318
893,1945-06-01,13.815012960460216
894,1945-07-01,13.883656716771032
895,1945-08-01,13.941943558958414
896,1945-09-01,13.82574977201907
897,1945-10-01,13.746216813478629
898,1945-11-01,13.605190029786552
899,1945-12-01,13.453214694425464
900,1946-01-01,13.280854595481095
901,1946-02-01,13.249614345997118
902,1946-03-01,13.190750392516293
903,1946-04-01,12.96847252893576
904,1946-05-01,12.660309623663757
905,1946-06-01,12.684097309762832
906,1946-07-01,12.788277365197809
907,1946-08-01,12.525972665061147
908,1946-09-01,13.26727894587092
909,1946-10-01,13.364446523581663
910,1946-11-01,13.648868620247123
911,1946-12-01,13.477261595601453
912,1947-01-01,13.6073324713051
913,1947-02-01,13.606891742581983
914,1947-03-01,13.967726718159712
915,1947-04-01,14.223307148215447
916,1947-05-01,14.420851960602942
917,1947-06-01,14.195985501359232
918,1947-07-01,13.91260277299844
919,1947-08-01,14.082647398382253
920,1947-09-01,14.342542249520186
921,1947-10-01,14.205866421601465
922,1947-11-01,14.073528459847928
923,1947-12-01,14.279689573937592
924,1948-01-01,14.283540339505318
925,1948-02-01,14.320500119179801
926,1948-03-01,14.136078092354353
927,1948-04-01,14.074164012379708
928,1948-05-01,13.937180583578602
929,1948-06-01,13.907126317168771
930,1948-07-01,13.989379990393092
931,1948-08-01,13.995835180045368
932,1948-09-01,14.262584844570213
933,1948-10-01,14.26421994262026
934,1948-11-01,14.635602049823127
935,1948-12-01,14.67750507504384
936,1949-01-01,14.313701346938746
937,1949-02-01,14.50655075526548
938,1949-03-01,14.329057860414874
939,1949-04-01,14.39805135233232
940,1949-05-01,14.613768868403042
941,1949-06-01,14.664941455297932
942,1949-07-01,14.07131113403537
943,1949-08-01,13.815488016513866
944,1949-09-01,13.781881179046307
945,1949-10-01,13.710409590411853
946,1949-11-01,13.620964157603277
947,1949-12-01,13.118265068451862
948,1950-01-01,12.907088622093422
949,1950-02-01,12.60606215119926
950,1950-03-01,12.654209362050107
951,1950-04-01,12.28473543401709
952,1950-05-01,11.440955715931667
953,1950-06-01,11.354945957036012
954,1950-07-01,11.728874989426895
955,1950-08-01,11.540293417645419
956,1950-09-01,11.680149670395434
957,1950-10-01,11.581872824626327
958,1950-11-01,11.524254946728952
959,1950-12-01,11.843787051977728
960,1951-01-01,11.623231738819806
961,1951-02-01,11.642859071186251
962,1951-03-01,11.861595497392852
963,1951-04-01,11.93303904625922
964,1951-05-01,11.876000815021115
965,1951-06-01,11.902061694057009
966,1951-07-01,11.718018549514841
967,1951-08-01,11.380554401437282
968,1951-09-01,11.377578091401407
969,1951-10-01,11.30542044716034
970,1951-11-01,11.141394213815436
971,1951-12-01,11.277299843359124
972,1952-01-01,11.294045335471804
973,1952-02-01,11.498674732184778
974,1952-03-01,11.595242233905712
975,1952-04-01,11.62193217938594
976,1952-05-01,11.588818159370096
977,1952-06-01,11.492209750234483
978,1952-07-01,11.257422544411266
979,1952-08-01,11.427122946315782
980,1952-09-01,11.449155461977423
981,1952-10-01,11.592665694824555
982,1952-11-01,11.642271853830287
983,1952-12-01,11.482448505737608
984,1953-01-01,11.468016564034023
985,1953-02-01,11.338014019049014
986,1953-03-01,11.205745493158293
987,1953-04-01,11.32455158837702
988,1953-05-01,11.16245146096122
989,1953-06-01,11.271465458653896
990,1953-07-01,11.213992559436893
991,1953-08-01,11.087991019898634
992,1953-09-01,11.442262242465207
993,1953-10-01,11.512259875998755
994,1953-11-01,10.950367953235784
995,1953-12-01,10.433744527919764
996,1954-01-01,10.349520089588072
997,1954-02-01,10.090526480801998
998,1954-03-01,10.186984725937243
999,1954-04-01,9.65132244667557
1000,1954-05-01,9.312990604581216
1001,1954-06-01,9.312996298815879
1002,1954-07-01,8.427886589201993
1003,1954-08-01,8.11219925845339
1004,1954-09-01,7.426795199299696
1005,1954-10-01,7.420924492571568
1006,1954-11-01,7.356864178801459
1007,1954-12-01,6.74710240867602
1008,1955-01-01,7.033354204468267
1009,1955-02-01,7.387326727452415
1010,1955-03-01,7.6409641363914815
1011,1955-04-01,7.4922593145221095
1012,1955-05-01,7.874464401757741
1013,1955-06-01,7.749432305223669
1014,1955-07-01,7.392255904459066
1015,1955-08-01,7.050317044142695
1016,1955-09-01,6.78954143724666
1017,1955-10-01,7.299286057721854
1018,1955-11-01,7.015339712303126
1019,1955-12-01,6.876918119772424
1020,1956-01-01,7.428859190986503
1021,1956-02-01,7.589733846022528
1022,1956-03-01,7.236866938187836
1023,1956-04-01,7.189754908687673
1024,1956-05-01,7.3451664203957545
1025,1956-06-01,7.447388946257205
1026,1956-07-01,7.3125381352796115
1027,1956-08-01,7.331332361086029
1028,1956-09-01,7.660253868258682
1029,1956-10-01,7.546299324860262
1030,1956-11-01,7.547863640063834
1031,1956-12-01,7.647592319172736
1032,1957-01-01,7.653479504320759
1033,1957-02-01,7.734857967127029
1034,1957-03-01,7.628773713771131
1035,1957-04-01,7.4066835320054425
1036,1957-05-01,7.220498563131983
1037,1957-06-01,7.205850989699369
1038,1957-07-01,7.174420029632489
1039,1957-08-01,7.374455908389765
1040,1957-09-01,7.539211750996544
1041,1957-10-01,7.742472184543958
1042,1957-11-01,7.868633078387588
1043,1957-12-01,7.844216780056779
1044,1958-01-01,7.482964077181409
1045,1958-02-01,7.387179133396415
1046,1958-03-01,7.260840191094853
1047,1958-04-01,7.4392342699540315
1048,1958-05-01,7.564643145306382
1049,1958-06-01,7.502512097275238
1050,1958-07-01,7.3665077097598175
1051,1958-08-01,7.548759819033557
1052,1958-09-01,7.441864126868403
1053,1958-10-01,7.068533632874385
1054,1958-11-01,6.585590014283826
1055,1958-12-01,6.562850949944132
1056,1959-01-01,6.501171467698974
1057,1959-02-01,6.506113837300687
1058,1959-03-01,6.466124794417416
1059,1959-04-01,6.459914847225856
1060,1959-05-01,6.2953064104430245
1061,1959-06-01,6.491664546708087
1062,1959-07-01,6.3775347168899765
1063,1959-08-01,6.656749189027722
1064,1959-09-01,6.957259556572581
1065,1959-10-01,6.781173010971919
1066,1959-11-01,6.722745816310249
1067,1959-12-01,6.756483191381513
1068,1960-01-01,6.940658350562545
1069,1960-02-01,7.346197960267409
1070,1960-03-01,6.9180410369841905
1071,1960-04-01,6.748274236605267
1072,1960-05-01,7.062672817836191
1073,1960-06-01,7.23953046119985
1074,1960-07-01,7.639783315487092
1075,1960-08-01,7.746514303149188
1076,1960-09-01,8.056743602010407
1077,1960-10-01,8.335949775671935
1078,1960-11-01,8.38885450763498
1079,1960-12-01,8.176111724684866
1080,1961-01-01,7.834409746444204
1081,1961-02-01,7.431536742798417
1082,1961-03-01,7.475282369327085
1083,1961-04-01,7.37164784623725
1084,1961-05-01,7.242938492153161
1085,1961-06-01,7.375767104084008
1086,1961-07-01,7.292539578427437
1087,1961-08-01,7.137637039341005
1088,1961-09-01,6.731676774165374
1089,1961-10-01,6.754214950930337
1090,1961-11-01,6.654893130529982
1091,1961-12-01,6.648046940662655
1092,1962-01-01,6.522599145095587
1093,1962-02-01,6.319870577193631
1094,1962-03-01,6.162995939963101
1095,1962-04-01,6.563730914441712
1096,1962-05-01,7.0037110537293
1097,1962-06-01,7.384989168679357
1098,1962-07-01,7.2809134867573455
1099,1962-08-01,7.17023212758614
1100,1962-09-01,7.8120363765146195
1101,1962-10-01,8.406078019620345
1102,1962-11-01,8.263264271765646
1103,1962-12-01,8.092167455402244
1104,1963-01-01,8.030848728707895
1105,1963-02-01,8.065360580494453
1106,1963-03-01,8.284685046092433
1107,1963-04-01,8.206822437227302
1108,1963-05-01,8.331716137456313
1109,1963-06-01,8.438591275701501
1110,1963-07-01,8.575335184474175
1111,1963-08-01,8.305308180545556
1112,1963-09-01,8.32575405817726
1113,1963-10-01,8.311764763286455
1114,1963-11-01,8.26412304484867
1115,1963-12-01,8.13515694099709
1116,1964-01-01,7.995411393239249
1117,1964-02-01,7.653973034950079
1118,1964-03-01,7.57652359301757
1119,1964-04-01,7.476428689500625
1120,1964-05-01,7.411028004162423
1121,1964-06-01,7.355121229059103
1122,1964-07-01,7.132987384377376
1123,1964-08-01,7.671630789706785
1124,1964-09-01,7.638355865835056
1125,1964-10-01,7.4920912668186235
1126,1964-11-01,7.5060001331686
1127,1964-12-01,7.553094922730841
1128,1965-01-01,7.596587873921878
1129,1965-02-01,7.859453332973065
1130,1965-03-01,7.827813305782372
1131,1965-04-01,7.763863021855788
1132,1965-05-01,7.828553357571866
1133,1965-06-01,8.228015752774432
1134,1965-07-01,8.378211190337925
1135,1965-08-01,8.173489545755452
1136,1965-09-01,7.886997200039647
1137,1965-10-01,7.816609639940086
1138,1965-11-01,8.080499878920566
1139,1965-12-01,8.367829263548643
1140,1966-01-01,8.25241383829276
1141,1966-02-01,8.579708430910005
1142,1966-03-01,9.1198387499275
1143,1966-04-01,9.057768916657881
1144,1966-05-01,9.372640704346846
1145,1966-06-01,9.586472617136476
1146,1966-07-01,9.528463382612195
1147,1966-08-01,9.978904939947931
1148,1966-09-01,10.0343313822989
1149,1966-10-01,10.050041157514467
1150,1966-11-01,9.951282787136616
1151,1966-12-01,10.006123397578936
1152,1967-01-01,10.089600527506825
1153,1967-02-01,10.237026477007728
1154,1967-03-01,10.329942141483105
1155,1967-04-01,10.150737185717063
1156,1967-05-01,10.061661422093904
1157,1967-06-01,10.367721472315283
1158,1967-07-01,10.472549858139857
1159,1967-08-01,10.713292920513972
1160,1967-09-01,10.472085758904948
1161,1967-10-01,9.780710243202307
1162,1967-11-01,9.23393337691687
1163,1967-12-01,8.999604361579937
1164,1968-01-01,9.168050263149109
1165,1968-02-01,9.573734925174016
1166,1968-03-01,9.824437609038572
1167,1968-04-01,9.360828839685563
1168,1968-05-01,9.121441527006624
1169,1968-06-01,9.281579942225338
1170,1968-07-01,9.30375062321691
1171,1968-08-01,9.308376342720326
1172,1968-09-01,9.243002530215506
1173,1968-10-01,9.305707436208554
1174,1968-11-01,9.115883847745
1175,1968-12-01,9.177085879628489
1176,1969-01-01,9.516888983966897
1177,1969-02-01,9.691119701365825
1178,1969-03-01,9.775959385674572
1179,1969-04-01,9.83319956346531
1180,1969-05-01,9.885552717917356
1181,1969-06-01,10.340595428064825
1182,1969-07-01,10.763832273591634
1183,1969-08-01,11.02377421290952
1184,1969-09-01,11.03949063369285
1185,1969-10-01,10.992690739838817
1186,1969-11-01,10.864255299950498
1187,1969-12-01,11.298705001090514
1188,1970-01-01,11.141671686643907
1189,1970-02-01,11.16466122683708
1190,1970-03-01,11.192736616916887
1191,1970-04-01,11.345638844884864
1192,1970-05-01,12.215718720084801
1193,1970-06-01,12.396430678913607
1194,1970-07-01,12.415592085635986
1195,1970-08-01,11.790173159545914
1196,1970-09-01,11.248110327057347
1197,1970-10-01,11.004410083966798
1198,1970-11-01,11.180248556745287
1199,1970-12-01,11.04810034783197
1200,1971-01-01,10.728268872715518
1201,1971-02-01,11.08169705619102
1202,1971-03-01,11.081816915348131
1203,1971-04-01,10.992617827006512
1204,1971-05-01,11.033942460639512
1205,1971-06-01,11.12478926957412
1206,1971-07-01,11.226027953256889
1207,1971-08-01,11.463168876067776
1208,1971-09-01,11.361045635132182
1209,1971-10-01,11.496119666322002
1210,1971-11-01,11.7631929047737
1211,1971-12-01,11.442925635108224
1212,1972-01-01,11.536584444727517
1213,1972-02-01,11.362906234878833
1214,1972-03-01,11.15712030436249
1215,1972-04-01,11.09075478486492
1216,1972-05-01,11.232921385509954
1217,1972-06-01,11.114811671676428
1218,1972-07-01,11.27669895407073
1219,1972-08-01,11.130163737491383
1220,1972-09-01,11.267908466386857
1221,1972-10-01,11.199287413030667
1222,1972-11-01,11.082524792432658
1223,1972-12-01,11.145125953574109
1224,1973-01-01,11.037698417631937
1225,1973-02-01,11.288670854335091
1226,1973-03-01,11.472835851759067
1227,1973-04-01,11.477608564426301
1228,1973-05-01,11.643921056407125
1229,1973-06-01,11.785577306444806
1230,1973-07-01,11.752833308209398
1231,1973-08-01,11.947165584540254
1232,1973-09-01,11.963804362883668
1233,1973-10-01,11.826993823327792
1234,1973-11-01,12.23187064481468
1235,1973-12-01,12.67680796758739
1236,1974-01-01,12.621942943316245
1237,1974-02-01,12.725395637236069
1238,1974-03-01,12.396479940811211
1239,1974-04-01,12.469217545313294
1240,1974-05-01,12.659336016935452
1241,1974-06-01,12.67876993058945
1242,1974-07-01,13.339075750193775
1243,1974-08-01,13.724243630288857
1244,1974-09-01,14.402667690686277
1245,1974-10-01,14.28727400775709
1246,1974-11-01,14.081359702918327
1247,1974-12-01,14.372152035168462
1248,1975-01-01,14.003297792880943
1249,1975-02-01,13.620870470647063
1250,1975-03-01,13.502542296636765
1251,1975-04-01,13.58738434791158
1252,1975-05-01,13.393650080529596
1253,1975-06-01,13.3958755260418
1254,1975-07-01,13.575219049848886
1255,1975-08-01,13.995182670307727
1256,1975-09-01,14.273842140926597
1257,1975-10-01,14.10144298617826
1258,1975-11-01,14.14473415423545
1259,1975-12-01,14.384803155041247
1260,1976-01-01,13.856936198347158
1261,1976-02-01,13.938892895506495
1262,1976-03-01,13.897216043528537
1263,1976-04-01,13.834920470521194
1264,1976-05-01,13.972047191026093
1265,1976-06-01,13.979264847785089
1266,1976-07-01,13.641920371276761
1267,1976-08-01,13.81660694620166
1268,1976-09-01,13.813775085226121
1269,1976-10-01,14.26102054975229
1270,1976-11-01,14.580316844180308
1271,1976-12-01,14.420006594611245
1272,1977-01-01,14.611809127916331
1273,1977-02-01,14.973589612126826
1274,1977-03-01,14.95725438331812
1275,1977-04-01,14.816784997391629
1276,1977-05-01,15.294954588589714
1277,1977-06-01,15.527180104932237
1278,1977-07-01,15.79089535123388
1279,1977-08-01,15.900896437110546
1280,1977-09-01,16.05866661472306
1281,1977-10-01,16.31607514647584
1282,1977-11-01,16.21506293874844
1283,1977-12-01,16.355395254777093
1284,1978-01-01,16.541647024987192
1285,1978-02-01,16.934993427718936
1286,1978-03-01,17.240353238869677
1287,1978-04-01,17.165031637099325
1288,1978-05-01,16.831040867959366
1289,1978-06-01,16.7858990788309
1290,1978-07-01,17.057993950441364
1291,1978-08-01,16.217201647373546
1292,1978-09-01,15.926878659975285
1293,1978-10-01,16.188385804431825
1294,1978-11-01,17.121845338505114
1295,1978-12-01,17.233240059189182
1296,1979-01-01,17.25914211677173
1297,1979-02-01,17.28553443510643
1298,1979-03-01,17.338058288352308
1299,1979-04-01,17.446662544148992
1300,1979-05-01,17.5389735249452
1301,1979-06-01,17.355315794965232
1302,1979-07-01,17.543629975419428
1303,1979-08-01,17.039892626124487
1304,1979-09-01,16.943350693476678
1305,1979-10-01,17.082110069202393
1306,1979-11-01,17.495618568495686
1307,1979-12-01,17.400266135515928
1308,1980-01-01,17.18629151998794
1309,1980-02-01,16.765652741101288
1310,1980-03-01,17.5183107492624
1311,1980-04-01,17.669777418210852
1312,1980-05-01,17.212745069209312
1313,1980-06-01,17.01310082086378
1314,1980-07-01,16.799276388468808
1315,1980-08-01,16.666452093115304
1316,1980-09-01,16.472449435825688
1317,1980-10-01,15.992549119137834
1318,1980-11-01,15.68413480989237
1319,1980-12-01,15.550222432604022
1320,1981-01-01,15.554488864884085
1321,1981-02-01,15.577391287336994
1322,1981-03-01,14.79351143027763
1323,1981-04-01,14.739507526247774
1324,1981-05-01,15.201121993137301
1325,1981-06-01,15.018044310314682
1326,1981-07-01,14.992998138958757
1327,1981-08-01,14.841873422212991
1328,1981-09-01,14.669783222157262
1329,1981-10-01,14.774221791696917
1330,1981-11-01,14.888237121881144
1331,1981-12-01,14.89551727503773
1332,1982-01-01,15.127045266161554
1333,1982-02-01,15.007235442684452
1334,1982-03-01,15.434384719956217
1335,1982-04-01,14.938268204966976
1336,1982-05-01,14.732467493958445
1337,1982-06-01,14.688481525754593
1338,1982-07-01,14.04923218513674
1339,1982-08-01,14.084623708238508
1340,1982-09-01,13.211583653325487
1341,1982-10-01,12.697712303978047
1342,1982-11-01,12.816068259549485
1343,1982-12-01,12.672763599298564
1344,1983-01-01,12.413033118507455
1345,1983-02-01,11.892515165971563
1346,1983-03-01,11.739915581025983
1347,1983-04-01,11.809109098489646
1348,1983-05-01,11.843094854747548
1349,1983-06-01,12.039939726897275
1350,1983-07-01,12.050334776680693
1351,1983-08-01,12.178749641479602
1352,1983-09-01,12.221106180472074
1353,1983-10-01,12.337760080398397
1354,1983-11-01,12.468077461608651
1355,1983-12-01,12.631050757328843
1356,1984-01-01,12.781469654520228
1357,1984-02-01,13.094883152339376
1358,1984-03-01,12.970635978887056
1359,1984-04-01,13.008766670251038
1360,1984-05-01,12.865264519231868
1361,1984-06-01,13.107453000563062
1362,1984-07-01,13.049836000759907
1363,1984-08-01,12.4986158832316
1364,1984-09-01,12.626347309943453
1365,1984-10-01,12.69357301195746
1366,1984-11-01,12.880286273746977
1367,1984-12-01,13.053104156126437
1368,1985-01-01,12.696026297683073
1369,1985-02-01,12.437938936898995
1370,1985-03-01,12.437091260680667
1371,1985-04-01,12.257077657823201
1372,1985-05-01,12.171300924947293
1373,1985-06-01,12.13047813385244
1374,1985-07-01,12.12356347629373
1375,1985-08-01,12.262567926629298
1376,1985-09-01,12.430586045780734
1377,1985-10-01,12.240174405426352
1378,1985-11-01,12.111981321432253
1379,1985-12-01,11.927491623588683
1380,1986-01-01,11.942134118365821
1381,1986-02-01,11.603811067443349
1382,1986-03-01,11.343733240807929
1383,1986-04-01,11.25156471134192
1384,1986-05-01,11.169582865107031
1385,1986-06-01,10.82759456478688
1386,1986-07-01,10.97741685384175
1387,1986-08-01,10.992010152339592
1388,1986-09-01,11.30261568571953
1389,1986-10-01,11.540748796185895
1390,1986-11-01,11.462652437826716
1391,1986-12-01,11.471421906291312
1392,1987-01-01,11.133060239664406
1393,1987-02-01,10.851830260263974
1394,1987-03-01,10.474687271011462
1395,1987-04-01,10.754777127725369
1396,1987-05-01,10.914075025849357
1397,1987-06-01,10.675312502049872
1398,1987-07-01,10.54777652179184
1399,1987-08-01,9.990344757961056
1400,1987-09-01,10.34923983015268
1401,1987-10-01,11.221909761836034
1402,1987-11-01,11.665146849050867
1403,1987-12-01,11.790060005115755
1404,1988-01-01,11.173432872713395
1405,1988-02-01,10.890694250151899
1406,1988-03-01,10.574751987436603
1407,1988-04-01,10.853084359704091
1408,1988-05-01,11.092726573193822
1409,1988-06-01,10.530374118217223
1410,1988-07-01,10.217850793737316
1411,1988-08-01,10.447686256045397
1412,1988-09-01,10.100134418412466
1413,1988-10-01,8.704563963373445
1414,1988-11-01,8.315387070048686
1415,1988-12-01,8.148449679194725
1416,1989-01-01,7.898970778836345
1417,1989-02-01,7.345033677073576
1418,1989-03-01,7.0465171866912035
1419,1989-04-01,7.456041382565015
1420,1989-05-01,7.5491503211061906
1421,1989-06-01,7.513713029662483
1422,1989-07-01,7.445011937646573
1423,1989-08-01,7.625232113299241
1424,1989-09-01,7.8133586963320845
1425,1989-10-01,7.963614272943009
1426,1989-11-01,8.156338411903373
1427,1989-12-01,8.107023583116035
1428,1990-01-01,8.294926898334843
1429,1990-02-01,8.271049838888445
1430,1990-03-01,8.449530967717322
1431,1990-04-01,8.631072806742468
1432,1990-05-01,8.07664383338198
1433,1990-06-01,7.716781025992803
1434,1990-07-01,7.713861402379951
1435,1990-08-01,8.197461026087538
1436,1990-09-01,8.629365522873833
1437,1990-10-01,9.032342976371254
1438,1990-11-01,8.994044493895249
1439,1990-12-01,8.933315999530823
1440,1991-01-01,9.148988813621383
1441,1991-02-01,8.735887376550355
1442,1991-03-01,8.529864276736653
1443,1991-04-01,8.504508201115346
1444,1991-05-01,8.528983489365727
1445,1991-06-01,8.316850628771322
1446,1991-07-01,8.454416907544804
1447,1991-08-01,7.727363395132958
1448,1991-09-01,7.710234233443258
1449,1991-10-01,7.8875339121579735
1450,1991-11-01,7.965374900540123
1451,1991-12-01,7.981761235360163
1452,1992-01-01,7.845476774738591
1453,1992-02-01,8.106536756468774
1454,1992-03-01,8.327033306633712
1455,1992-04-01,8.287120148146098
1456,1992-05-01,7.9911678663942665
1457,1992-06-01,8.00801772516715
1458,1992-07-01,8.074172782460586
1459,1992-08-01,8.21116838967184
1460,1992-09-01,8.358975027921666
1461,1992-10-01,8.438253276324147
1462,1992-11-01,8.127408922061608
1463,1992-12-01,8.05559817243784
1464,1993-01-01,8.2640083600376
1465,1993-02-01,8.303809062446877
1466,1993-03-01,8.34474870215196
1467,1993-04-01,8.468843953278316
1468,1993-05-01,8.65358039988493
1469,1993-06-01,8.555833647573841
1470,1993-07-01,8.736828537958786
1471,1993-08-01,8.665736958354175
1472,1993-09-01,8.664845439969726
1473,1993-10-01,8.736976072886105
1474,1993-11-01,8.93107747566033
1475,1993-12-01,8.951255350974495
1476,1994-01-01,8.902057132787643
1477,1994-02-01,8.907203078965109
1478,1994-03-01,9.138668839864717
1479,1994-04-01,9.303734748709225
1480,1994-05-01,9.310951784104372
1481,1994-06-01,9.432378434346123
1482,1994-07-01,9.551362942373398
1483,1994-08-01,9.377988509392177
1484,1994-09-01,9.43835306075924
1485,1994-10-01,9.343772999298317
1486,1994-11-01,9.650120059103262
1487,1994-12-01,9.72576587499514
1488,1995-01-01,9.530304171946202
1489,1995-02-01,9.489956613648488
1490,1995-03-01,9.366064271379337
1491,1995-04-01,9.211369243617561
1492,1995-05-01,9.068545724339195
1493,1995-06-01,8.886789417490636
1494,1995-07-01,8.703932584379048
1495,1995-08-01,8.559847457583114
1496,1995-09-01,8.127394504782902
1497,1995-10-01,8.328288272888917
1498,1995-11-01,8.337692623683136
1499,1995-12-01,8.083580324474514
1500,1996-01-01,7.718724186454384
1501,1996-02-01,7.395128568792342
1502,1996-03-01,7.737661268268736
1503,1996-04-01,7.842840280044738
1504,1996-05-01,7.685458999012407
1505,1996-06-01,7.68458423502858
1506,1996-07-01,8.051973631995612
1507,1996-08-01,7.970274644378561
1508,1996-09-01,7.855333365525152
1509,1996-10-01,7.6357263106251905
1510,1996-11-01,7.416778600717411
1511,1996-12-01,7.54334161193182
1512,1997-01-01,7.451430862845654
1513,1997-02-01,7.375306648985092
1514,1997-03-01,7.499554678617404
1515,1997-04-01,7.63977004312677
1516,1997-05-01,7.247545741455408
1517,1997-06-01,7.076267532485758
1518,1997-07-01,6.834533954977595
1519,1997-08-01,6.845190408931523
1520,1997-09-01,6.884328682828422
1521,1997-10-01,6.964087701584032
1522,1997-11-01,7.089509214161294
1523,1997-12-01,7.08393524555464
